B1,B2,B3,B4,B5,B6,Sector
-66,-80,-88,-72,-93,-87,1
-64,-83,-84,-72,-94,-88,1
-65,-87,-93,-72,-86,-85,1
-64,-83,-87,-72,-86,-82,1
-65,-85,-88,-73,-83,-86,1
-65,-71,-79,-79,-80,-93,1
-67,-75,-82,-79,-84,-88,1
-69,-71,-77,-90,-91,-82,1
-70,-75,-82,-91,-91,-85,1
-63,-71,-77,-88,-90,-86,1
-63,-76,-90,-75,-80,-84,1
-65,-75,-89,-75,-80,-79,1
-63,-80,-82,-83,-81,-81,1
-63,-81,-88,-79,-84,-82,1
-64,-77,-94,-78,-85,-83,1
-64,-80,-81,-81,-81,-83,1
-64,-100,-90,-80,-82,-82,1
-67,-74,-80,-79,-87,-83,1
-68,-78,-73,-78,-87,-83,1
-68,-74,-74,-78,-88,-84,1
-63,-78,-81,-77,-91,-84,1
-64,-76,-74,-78,-82,-83,1
-62,-78,-81,-78,-82,-84,1
-64,-74,-75,-73,-82,-83,1
-63,-75,-82,-73,-92,-94,1
-69,-77,-84,-73,-91,-90,1
-69,-74,-85,-92,-80,-89,1
-69,-78,-77,-93,-80,-88,1
-68,-74,-88,-73,-80,-82,1
-66,-78,-88,-74,-82,-81,1
-66,-78,-95,-73,-82,-82,1
-66,-74,-81,-72,-82,-92,1
-66,-81,-84,-73,-82,-91,1
-67,-79,-81,-73,-92,-95,1
-67,-79,-77,-73,-86,-86,1
-67,-76,-82,-73,-84,-85,1
-67,-80,-76,-76,-87,-83,1
-64,-76,-83,-75,-92,-78,1
-64,-80,-76,-76,-82,-79,1
-64,-76,-82,-75,-79,-81,1
-64,-82,-84,-75,-90,-82,1
-62,-77,-82,-73,-87,-80,1
-62,-81,-84,-72,-79,-80,1
-62,-78,-80,-73,-79,-82,1
-68,-82,-84,-76,-80,-80,1
-67,-82,-79,-77,-89,-80,1
-67,-78,-86,-72,-88,-80,1
-60,-88,-79,-72,-87,-80,1
-63,-82,-86,-78,-85,-81,1
-61,-87,-78,-79,-86,-80,1
-67,-84,-84,-81,-86,-80,1
-69,-85,-84,-76,-80,-77,1
-68,-80,-77,-80,-80,-79,1
-68,-82,-83,-81,-81,-80,1
-64,-80,-76,-82,-84,-82,1
-65,-84,-83,-79,-86,-74,1
-65,-76,-83,-77,-85,-82,1
-65,-80,-76,-77,-76,-89,1
-64,-76,-92,-77,-77,-98,1
-63,-75,-96,-71,-90,-84,1
-64,-79,-88,-71,-90,-82,1
-63,-75,-93,-72,-96,-91,1
-63,-79,-91,-74,-90,-90,1
-65,-87,-93,-76,-88,-82,1
-66,-92,-88,-74,-84,-82,1
-62,-85,-70,-73,-85,-83,1
-62,-90,-70,-77,-94,-88,1
-61,-92,-76,-75,-95,-97,1
-68,-88,-70,-78,-78,-94,1
-66,-92,-70,-75,-80,-84,1
-65,-80,-80,-76,-88,-83,1
-64,-83,-79,-78,-88,-83,1
-69,-79,-73,-78,-79,-81,1
-67,-82,-80,-71,-78,-80,1
-65,-83,-73,-73,-88,-80,1
-64,-80,-85,-76,-90,-85,1
-70,-83,-92,-75,-89,-81,1
-67,-72,-87,-76,-91,-87,1
-67,-76,-90,-76,-84,-84,1
-67,-72,-96,-76,-82,-91,1
-63,-76,-89,-72,-80,-83,1
-62,-73,-72,-72,-87,-84,1
-62,-76,-79,-102,-86,-82,1
-66,-72,-71,-72,-86,-86,1
-65,-76,-74,-76,-87,-85,1
-64,-72,-76,-74,-87,-84,1
-62,-96,-77,-75,-86,-88,1
-64,-90,-81,-76,-86,-82,1
-63,-97,-88,-76,-83,-85,1
-66,-87,-81,-74,-80,-86,1
-68,-82,-88,-73,-84,-84,1
-70,-87,-69,-73,-91,-79,1
-60,-83,-70,-79,-91,-81,1
-69,-77,-71,-78,-86,-82,1
-71,-75,-80,-79,-80,-83,1
-69,-73,-68,-73,-80,-83,1
-61,-78,-76,-72,-81,-82,1
-64,-87,-71,-73,-84,-84,1
-64,-82,-72,-79,-86,-82,1
-67,-81,-77,-79,-87,-85,1
-81,-88,-83,-83,-90,-80,2
-72,-87,-89,-92,-85,-80,2
-74,-94,-82,-91,-81,-73,2
-74,-85,-77,-72,-78,-72,2
-79,-74,-73,-75,-88,-72,2
-71,-78,-66,-98,-82,-73,2
-70,-73,-73,-88,-83,-73,2
-69,-76,-66,-84,-88,-71,2
-70,-73,-73,-80,-91,-72,2
-72,-75,-66,-72,-82,-71,2
-73,-74,-73,-75,-91,-84,2
-77,-82,-68,-74,-86,-84,2
-72,-78,-71,-78,-85,-82,2
-74,-81,-66,-71,-95,-72,2
-76,-80,-67,-74,-88,-72,2
-76,-87,-73,-73,-86,-71,2
-75,-94,-87,-78,-84,-80,2
-72,-77,-81,-73,-90,-78,2
-74,-77,-73,-94,-84,-82,2
-76,-81,-66,-86,-92,-82,2
-74,-78,-67,-76,-77,-74,2
-74,-74,-73,-75,-84,-73,2
-76,-78,-67,-72,-83,-72,2
-76,-72,-74,-78,-80,-74,2
-76,-71,-68,-80,-80,-74,2
-77,-76,-73,-75,-93,-73,2
-76,-72,-66,-75,-86,-74,2
-77,-76,-72,-82,-84,-100,2
-77,-71,-63,-74,-84,-75,2
-76,-77,-71,-74,-88,-80,2
-74,-75,-66,-75,-92,-79,2
-74,-82,-71,-74,-80,-79,2
-74,-80,-66,-75,-79,-75,2
-75,-85,-72,-74,-76,-75,2
-73,-82,-76,-70,-75,-75,2
-76,-83,-81,-69,-77,-80,2
-72,-80,-75,-70,-86,-82,2
-81,-69,-82,-90,-85,-84,2
-79,-73,-78,-88,-84,-74,2
-78,-69,-76,-76,-78,-75,2
-79,-69,-84,-83,-73,-76,2
-76,-73,-70,-75,-78,-75,2
-74,-80,-64,-77,-83,-72,2
-74,-86,-70,-75,-77,-72,2
-74,-70,-63,-83,-84,-86,2
-79,-80,-65,-76,-83,-78,2
-80,-72,-71,-77,-89,-80,2
-75,-82,-63,-82,-80,-71,2
-75,-76,-81,-71,-81,-69,2
-72,-82,-80,-82,-80,-71,2
-74,-78,-80,-84,-82,-75,2
-74,-74,-80,-80,-84,-78,2
-74,-71,-83,-74,-83,-73,2
-68,-75,-74,-73,-85,-73,2
-68,-71,-71,-76,-89,-73,2
-69,-76,-65,-78,-85,-74,2
-82,-76,-71,-78,-85,-73,2
-77,-83,-65,-78,-87,-73,2
-78,-77,-72,-82,-82,-72,2
-73,-81,-73,-85,-85,-72,2
-72,-76,-66,-88,-83,-73,2
-78,-78,-72,-91,-84,-76,2
-86,-73,-71,-84,-88,-78,2
-74,-79,-77,-78,-96,-78,2
-76,-75,-70,-78,-81,-71,2
-76,-73,-76,-77,-74,-71,2
-79,-78,-66,-78,-77,-72,2
-78,-73,-65,-72,-81,-81,2
-77,-76,-72,-73,-82,-81,2
-70,-72,-73,-75,-80,-83,2
-69,-76,-72,-87,-84,-75,2
-71,-72,-66,-73,-85,-76,2
-68,-81,-73,-73,-86,-75,2
-71,-78,-68,-73,-88,-71,2
-76,-83,-74,-74,-91,-71,2
-76,-80,-70,-73,-82,-71,2
-69,-84,-77,-77,-91,-83,2
-70,-75,-72,-82,-86,-76,2
-72,-76,-72,-90,-85,-85,2
-76,-79,-65,-79,-95,-78,2
-76,-77,-73,-78,-88,-72,2
-75,-73,-80,-75,-85,-75,2
-75,-79,-84,-77,-81,-70,2
-82,-77,-74,-76,-78,-77,2
-80,-81,-85,-79,-88,-76,2
-78,-85,-67,-78,-82,-76,2
-80,-80,-74,-82,-83,-74,2
-78,-75,-67,-71,-88,-74,2
-76,-80,-74,-84,-91,-73,2
-75,-79,-67,-80,-82,-72,2
-76,-76,-67,-72,-78,-77,2
-78,-80,-74,-75,-82,-82,2
-75,-76,-84,-74,-88,-74,2
-72,-77,-83,-78,-84,-73,2
-74,-82,-76,-71,-78,-72,2
-73,-77,-70,-74,-91,-74,2
-73,-73,-77,-73,-86,-74,2
-74,-77,-71,-78,-90,-73,2
-82,-73,-73,-73,-88,-74,2
-77,-81,-66,-75,-86,-75,2
-79,-74,-71,-82,-87,-92,3
-91,-88,-72,-76,-77,-88,3
-80,-80,-69,-73,-78,-78,3
-86,-71,-62,-72,-72,-79,3
-80,-72,-72,-87,-77,-72,3
-80,-67,-66,-88,-79,-96,3
-81,-71,-73,-88,-76,-89,3
-73,-69,-74,-80,-73,-73,3
-74,-75,-76,-78,-74,-73,3
-74,-73,-64,-78,-70,-88,3
-86,-78,-72,-74,-73,-79,3
-88,-79,-65,-73,-72,-73,3
-87,-78,-71,-72,-72,-74,3
-88,-82,-65,-81,-72,-79,3
-74,-80,-71,-80,-72,-79,3
-72,-78,-71,-80,-71,-74,3
-73,-73,-60,-73,-81,-75,3
-91,-69,-66,-73,-77,-82,3
-87,-71,-59,-83,-72,-83,3
-98,-71,-66,-83,-72,-84,3
-81,-68,-60,-80,-70,-79,3
-78,-72,-67,-80,-75,-77,3
-73,-73,-60,-79,-76,-75,3
-73,-72,-67,-80,-75,-77,3
-72,-78,-74,-83,-78,-78,3
-76,-74,-68,-84,-73,-87,3
-74,-76,-73,-80,-76,-86,3
-75,-69,-67,-77,-82,-85,3
-75,-69,-76,-74,-91,-72,3
-79,-73,-72,-77,-75,-73,3
-84,-73,-85,-84,-75,-73,3
-86,-70,-60,-80,-75,-90,3
-76,-73,-68,-81,-76,-88,3
-79,-67,-60,-81,-75,-85,3
-81,-73,-67,-70,-74,-86,3
-74,-69,-60,-70,-74,-72,3
-74,-74,-67,-100,-71,-72,3
-74,-70,-60,-98,-71,-72,3
-75,-74,-67,-75,-71,-80,3
-76,-70,-60,-76,-75,-82,3
-78,-71,-75,-75,-75,-79,3
-86,-73,-67,-84,-76,-88,3
-80,-78,-75,-69,-76,-73,3
-77,-81,-70,-69,-76,-72,3
-84,-77,-78,-89,-76,-76,3
-85,-80,-70,-69,-74,-88,3
-85,-75,-67,-71,-75,-91,3
-73,-76,-71,-72,-74,-92,3
-74,-81,-64,-75,-74,-74,3
-73,-68,-70,-76,-76,-76,3
-72,-72,-70,-76,-74,-77,3
-83,-69,-64,-84,-97,-79,3
-79,-73,-71,-83,-87,-89,3
-80,-71,-65,-74,-83,-88,3
-73,-74,-67,-75,-73,-76,3
-74,-71,-60,-80,-73,-76,3
-78,-75,-67,-80,-78,-85,3
-77,-77,-60,-79,-80,-80,3
-78,-78,-67,-70,-78,-80,3
-89,-80,-60,-103,-77,-75,3
-80,-81,-67,-69,-78,-76,3
-82,-76,-60,-100,-74,-74,3
-82,-80,-75,-69,-73,-78,3
-73,-78,-69,-100,-79,-77,3
-73,-82,-77,-76,-72,-80,3
-76,-76,-68,-75,-73,-74,3
-83,-70,-74,-75,-76,-74,3
-81,-67,-74,-77,-77,-77,3
-74,-71,-70,-76,-80,-80,3
-74,-68,-79,-76,-82,-86,3
-74,-67,-59,-76,-82,-88,3
-74,-67,-66,-76,-72,-75,3
-82,-71,-59,-76,-73,-73,3
-82,-66,-66,-69,-80,-87,3
-78,-67,-60,-99,-79,-77,3
-80,-70,-67,-98,-72,-78,3
-82,-66,-59,-69,-72,-77,3
-82,-70,-67,-99,-71,-76,3
-80,-67,-69,-69,-77,-74,3
-78,-80,-66,-77,-84,-80,3
-80,-80,-66,-78,-76,-81,3
-76,-77,-73,-78,-93,-88,3
-80,-80,-66,-98,-75,-78,3
-76,-76,-74,-70,-75,-79,3
-78,-80,-68,-69,-74,-72,3
-77,-77,-74,-98,-81,-96,3
-79,-76,-69,-71,-81,-89,3
-77,-67,-74,-76,-80,-73,3
-76,-71,-68,-71,-94,-78,3
-77,-68,-74,-97,-87,-79,3
-81,-72,-68,-81,-77,-80,3
-77,-68,-76,-82,-78,-92,3
-76,-71,-82,-79,-72,-91,3
-76,-67,-76,-77,-77,-78,3
-76,-72,-80,-76,-79,-76,3
-80,-76,-74,-78,-76,-72,3
-77,-72,-80,-82,-89,-80,3
-74,-79,-69,-75,-85,-82,3
-88,-76,-75,-83,-80,-79,3
-81,-80,-72,-82,-87,-88,3
-84,-66,-77,-81,-77,-83,4
-85,-68,-71,-80,-78,-76,4
-85,-63,-77,-82,-76,-76,4
-88,-67,-71,-78,-90,-72,4
-87,-63,-75,-78,-89,-91,4
-93,-68,-72,-80,-89,-83,4
-90,-64,-76,-80,-79,-83,4
-75,-71,-66,-84,-81,-76,4
-75,-64,-82,-84,-82,-72,4
-75,-72,-77,-76,-86,-73,4
-84,-77,-66,-89,-78,-72,4
-81,-82,-72,-77,-77,-77,4
-77,-83,-68,-72,-76,-77,4
-92,-81,-65,-77,-76,-73,4
-88,-73,-69,-74,-78,-73,4
-84,-67,-63,-84,-82,-88,4
-86,-80,-71,-84,-84,-80,4
-93,-75,-61,-86,-81,-78,4
-84,-85,-68,-82,-86,-79,4
-85,-73,-61,-82,-92,-82,4
-83,-76,-68,-72,-95,-80,4
-86,-74,-60,-72,-80,-82,4
-78,-70,-67,-71,-80,-80,4
-79,-72,-66,-82,-92,-81,4
-90,-67,-66,-82,-94,-80,4
-89,-72,-76,-73,-99,-78,4
-88,-72,-70,-74,-79,-72,4
-88,-74,-73,-74,-80,-73,4
-78,-65,-66,-75,-77,-86,4
-77,-93,-62,-76,-81,-91,4
-78,-71,-70,-76,-92,-92,4
-79,-76,-60,-82,-90,-72,4
-78,-67,-69,-80,-83,-73,4
-79,-75,-65,-85,-89,-73,4
-81,-68,-72,-84,-84,-87,4
-83,-68,-63,-82,-91,-96,4
-88,-73,-69,-89,-88,-86,4
-88,-73,-61,-79,-87,-78,4
-91,-72,-68,-71,-83,-83,4
-83,-73,-62,-76,-86,-74,4
-86,-71,-71,-77,-77,-71,4
-86,-76,-65,-80,-76,-71,4
-90,-70,-71,-76,-74,-69,4
-83,-67,-63,-75,-87,-76,4
-84,-69,-69,-73,-88,-73,4
-87,-69,-66,-80,-88,-75,4
-85,-72,-72,-80,-82,-72,4
-82,-69,-66,-85,-74,-73,4
-76,-74,-72,-73,-76,-70,4
-80,-70,-66,-79,-90,-82,4
-80,-72,-72,-78,-85,-90,4
-78,-71,-66,-79,-82,-75,4
-76,-75,-72,-73,-98,-78,4
-76,-71,-66,-82,-86,-89,4
-76,-74,-71,-82,-86,-78,4
-76,-71,-63,-90,-80,-83,4
-83,-72,-71,-84,-78,-73,4
-96,-70,-65,-85,-78,-72,4
-92,-73,-72,-80,-77,-73,4
-90,-76,-67,-77,-78,-74,4
-91,-80,-71,-78,-100,-73,4
-84,-78,-63,-85,-81,-74,4
-77,-83,-71,-89,-80,-83,4
-80,-78,-64,-85,-80,-80,4
-82,-76,-71,-78,-96,-73,4
-92,-70,-64,-78,-80,-72,4
-90,-73,-71,-78,-80,-80,4
-90,-69,-64,-85,-81,-80,4
-86,-70,-71,-89,-78,-75,4
-80,-74,-65,-88,-80,-75,4
-74,-71,-70,-76,-81,-72,4
-77,-75,-63,-71,-75,-73,4
-78,-75,-63,-73,-75,-82,4
-77,-78,-70,-76,-75,-81,4
-75,-81,-64,-75,-89,-79,4
-90,-78,-71,-79,-78,-70,4
-85,-77,-63,-78,-78,-70,4
-78,-80,-69,-82,-79,-71,4
-79,-78,-62,-71,-80,-87,4
-83,-77,-68,-82,-92,-83,4
-81,-75,-62,-85,-91,-80,4
-87,-78,-68,-85,-78,-82,4
-87,-74,-62,-81,-76,-72,4
-86,-77,-69,-80,-76,-72,4
-76,-71,-63,-80,-100,-73,4
-77,-73,-69,-80,-86,-92,4
-76,-72,-65,-75,-78,-93,4
-78,-79,-64,-75,-77,-75,4
-82,-72,-71,-78,-76,-75,4
-83,-74,-65,-80,-76,-87,4
-82,-74,-71,-81,-78,-85,4
-76,-77,-71,-80,-82,-83,4
-76,-78,-66,-82,-84,-76,4
-78,-77,-74,-78,-81,-76,4
-80,-79,-69,-78,-86,-72,4
-82,-66,-73,-80,-95,-91,4
-82,-69,-67,-80,-97,-83,4
-80,-65,-73,-84,-87,-83,4
-96,-70,-68,-84,-83,-76,4
-87,-67,-76,-76,-83,-79,4
-91,-76,-61,-83,-71,-80,5
-93,-67,-66,-81,-100,-82,5
-86,-70,-60,-89,-88,-83,5
-85,-70,-60,-89,-87,-72,5
-88,-66,-66,-89,-84,-72,5
-88,-70,-61,-89,-72,-72,5
-93,-66,-67,-88,-72,-81,5
-96,-71,-60,-83,-72,-82,5
-86,-76,-67,-86,-83,-82,5
-86,-76,-72,-87,-82,-74,5
-87,-82,-68,-87,-72,-74,5
-86,-75,-71,-88,-73,-73,5
-80,-82,-75,-82,-72,-76,5
-88,-80,-64,-87,-74,-72,5
-90,-77,-70,-85,-74,-74,5
-85,-71,-60,-89,-71,-70,5
-92,-72,-67,-95,-70,-72,5
-93,-68,-60,-94,-76,-76,5
-86,-71,-66,-90,-74,-74,5
-81,-67,-60,-82,-75,-76,5
-83,-71,-66,-84,-75,-75,5
-82,-67,-60,-84,-85,-77,5
-85,-95,-63,-84,-83,-73,5
-82,-91,-64,-84,-72,-72,5
-80,-95,-71,-85,-72,-73,5
-88,-78,-64,-84,-72,-76,5
-87,-75,-71,-85,-86,-76,5
-90,-74,-66,-85,-75,-72,5
-90,-73,-72,-86,-78,-73,5
-86,-69,-63,-86,-74,-75,5
-86,-72,-69,-80,-70,-81,5
-86,-68,-63,-92,-73,-76,5
-86,-74,-70,-84,-83,-73,5
-85,-73,-64,-82,-81,-78,5
-85,-71,-70,-82,-83,-78,5
-88,-85,-66,-88,-76,-72,5
-85,-63,-72,-87,-75,-73,5
-85,-67,-64,-86,-76,-74,5
-85,-72,-73,-89,-85,-76,5
-85,-76,-64,-89,-89,-79,5
-90,-67,-70,-85,-84,-81,5
-80,-70,-63,-86,-74,-74,5
-87,-66,-71,-92,-74,-73,5
-86,-70,-72,-89,-74,-69,5
-86,-75,-64,-86,-74,-71,5
-84,-67,-67,-89,-74,-69,5
-88,-74,-58,-96,-73,-68,5
-83,-80,-67,-89,-74,-69,5
-86,-75,-67,-85,-80,-102,5
-86,-77,-60,-89,-77,-100,5
-83,-73,-67,-86,-73,-74,5
-81,-77,-61,-91,-73,-76,5
-81,-71,-67,-94,-73,-75,5
-85,-74,-59,-90,-91,-70,5
-89,-72,-66,-91,-85,-70,5
-94,-74,-60,-88,-82,-102,5
-83,-67,-66,-94,-76,-70,5
-82,-72,-60,-94,-76,-70,5
-82,-68,-71,-84,-80,-76,5
-87,-73,-64,-97,-82,-76,5
-86,-68,-71,-86,-82,-70,5
-86,-70,-70,-96,-76,-70,5
-87,-97,-64,-93,-76,-71,5
-88,-89,-71,-93,-76,-69,5
-78,-89,-65,-89,-72,-70,5
-77,-77,-65,-82,-72,-68,5
-77,-76,-59,-83,-72,-80,5
-85,-66,-65,-91,-86,-81,5
-84,-69,-59,-81,-84,-79,5
-86,-66,-65,-81,-83,-72,5
-86,-68,-59,-81,-71,-73,5
-80,-65,-66,-96,-72,-73,5
-79,-71,-60,-93,-71,-73,5
-80,-74,-66,-89,-76,-69,5
-80,-70,-72,-82,-78,-69,5
-82,-68,-63,-83,-80,-69,5
-85,-74,-64,-80,-74,-98,5
-97,-71,-73,-80,-74,-73,5
-92,-75,-61,-81,-71,-69,5
-76,-68,-81,-84,-74,-69,5
-76,-72,-83,-89,-72,-82,5
-77,-70,-64,-88,-75,-80,5
-79,-67,-69,-90,-73,-72,5
-77,-72,-62,-83,-74,-73,5
-79,-68,-69,-82,-73,-73,5
-79,-65,-60,-89,-75,-73,5
-77,-70,-60,-89,-82,-100,5
-76,-67,-67,-88,-82,-69,5
-76,-73,-60,-83,-82,-100,5
-74,-70,-67,-86,-74,-69,5
-74,-70,-60,-87,-74,-77,5
-75,-67,-66,-87,-78,-80,5
-75,-71,-61,-88,-78,-75,5
-76,-68,-62,-82,-78,-72,5
-75,-72,-69,-87,-76,-72,5
-74,-66,-62,-85,-75,-81,5
-73,-70,-61,-81,-78,-82,5
-78,-71,-68,-85,-74,-82,5
-79,-66,-62,-84,-70,-74,5
-78,-70,-66,-82,-73,-74,5
-100,-85,-62,-90,-80,-78,6
-94,-82,-70,-87,-74,-79,6
-83,-84,-62,-91,-82,-72,6
-83,-84,-67,-87,-83,-72,6
-82,-89,-62,-89,-83,-72,6
-82,-94,-63,-88,-72,-76,6
-93,-92,-67,-82,-72,-78,6
-94,-92,-63,-85,-73,-76,6
-90,-85,-68,-88,-77,-75,6
-87,-88,-63,-87,-78,-73,6
-94,-82,-71,-84,-77,-76,6
-82,-84,-64,-83,-76,-76,6
-82,-83,-69,-83,-74,-73,6
-82,-84,-66,-80,-71,-82,6
-82,-80,-71,-82,-71,-70,6
-83,-83,-66,-85,-72,-73,6
-88,-81,-71,-87,-82,-64,6
-88,-87,-71,-83,-82,-96,6
-90,-81,-62,-84,-80,-65,6
-88,-77,-62,-84,-78,-68,6
-85,-72,-68,-82,-86,-101,6
-96,-76,-61,-88,-88,-70,6
-89,-74,-68,-87,-85,-77,6
-83,-71,-62,-98,-81,-73,6
-85,-74,-69,-80,-81,-74,6
-86,-71,-65,-80,-77,-73,6
-94,-82,-71,-86,-78,-73,6
-89,-78,-66,-84,-75,-73,6
-86,-81,-73,-82,-83,-71,6
-86,-77,-69,-82,-86,-70,6
-90,-80,-82,-89,-81,-72,6
-84,-75,-63,-89,-73,-72,6
-88,-81,-68,-87,-75,-100,6
-87,-80,-57,-87,-84,-71,6
-82,-74,-62,-89,-85,-67,6
-94,-71,-58,-85,-85,-97,6
-83,-79,-64,-84,-80,-69,6
-84,-73,-58,-86,-81,-70,6
-83,-80,-64,-89,-79,-67,6
-98,-98,-57,-90,-79,-98,6
-82,-80,-66,-84,-74,-97,6
-81,-75,-64,-85,-80,-68,6
-97,-73,-67,-86,-76,-97,6
-96,-77,-60,-82,-80,-98,6
-86,-74,-69,-84,-80,-66,6
-86,-85,-64,-83,-80,-69,6
-85,-80,-64,-85,-86,-98,6
-82,-84,-58,-84,-79,-69,6
-82,-78,-61,-83,-74,-100,6
-84,-81,-67,-81,-88,-70,6
-84,-84,-71,-80,-88,-70,6
-82,-86,-64,-89,-76,-70,6
-81,-80,-66,-89,-74,-76,6
-91,-82,-60,-85,-75,-76,6
-87,-80,-67,-89,-82,-69,6
-84,-89,-61,-87,-83,-101,6
-88,-80,-68,-86,-81,-69,6
-85,-82,-56,-82,-76,-70,6
-88,-68,-64,-81,-76,-77,6
-83,-70,-69,-84,-77,-72,6
-85,-71,-61,-84,-78,-68,6
-84,-76,-83,-83,-72,-70,6
-87,-72,-86,-85,-84,-69,6
-86,-74,-83,-81,-83,-69,6
-87,-69,-80,-86,-83,-68,6
-88,-74,-73,-84,-72,-96,6
-87,-78,-65,-80,-71,-97,6
-88,-90,-72,-92,-72,-69,6
-88,-80,-63,-85,-81,-80,6
-89,-80,-71,-91,-84,-82,6
-78,-86,-62,-80,-84,-79,6
-90,-82,-70,-81,-73,-69,6
-82,-84,-63,-80,-74,-99,6
-83,-74,-70,-84,-76,-69,6
-89,-69,-63,-82,-76,-74,6
-88,-73,-68,-82,-71,-73,6
-89,-70,-63,-82,-71,-96,6
-82,-72,-63,-84,-73,-94,6
-85,-78,-58,-84,-73,-64,6
-86,-82,-64,-82,-72,-97,6
-88,-78,-57,-82,-71,-68,6
-86,-79,-63,-82,-100,-70,6
-91,-76,-59,-87,-71,-71,6
-91,-82,-66,-86,-72,-100,6
-90,-82,-59,-80,-78,-100,6
-82,-74,-68,-82,-81,-70,6
-92,-84,-66,-84,-73,-67,6
-89,-82,-74,-80,-72,-96,6
-86,-83,-68,-83,-73,-67,6
-86,-80,-75,-88,-80,-97,6
-86,-80,-64,-86,-80,-96,6
-85,-75,-64,-87,-80,-66,6
-91,-78,-67,-90,-73,-102,6
-89,-75,-58,-87,-78,-71,6
-83,-75,-62,-91,-77,-73,6
-93,-73,-60,-87,-83,-71,6
-95,-74,-62,-89,-72,-76,6
-100,-76,-59,-88,-72,-74,6
-88,-87,-58,-82,-73,-99,6
-91,-82,-60,-85,-77,-68,6
-89,-78,-64,-93,-82,-77,7
-90,-74,-71,-84,-88,-68,7
-94,-82,-61,-87,-80,-99,7
-84,-82,-62,-88,-77,-68,7
-82,-78,-56,-92,-78,-98,7
-83,-83,-61,-96,-78,-101,7
-91,-79,-56,-93,-79,-96,7
-92,-82,-61,-87,-84,-73,7
-93,-79,-56,-87,-82,-72,7
-90,-82,-66,-86,-79,-72,7
-95,-76,-60,-85,-79,-72,7
-91,-78,-67,-85,-80,-69,7
-88,-75,-63,-85,-80,-100,7
-91,-74,-71,-85,-80,-69,7
-89,-77,-64,-85,-80,-69,7
-94,-74,-71,-83,-79,-99,7
-92,-78,-65,-91,-80,-100,7
-93,-76,-67,-88,-80,-73,7
-92,-80,-60,-88,-83,-73,7
-88,-77,-65,-84,-80,-68,7
-87,-78,-64,-84,-83,-97,7
-95,-83,-56,-84,-83,-68,7
-90,-79,-63,-88,-80,-70,7
-87,-83,-57,-87,-80,-99,7
-89,-83,-63,-88,-81,-77,7
-97,-81,-57,-86,-80,-77,7
-97,-84,-62,-87,-83,-76,7
-91,-80,-56,-87,-76,-72,7
-89,-82,-56,-90,-81,-73,7
-89,-82,-62,-89,-80,-74,7
-88,-78,-57,-91,-77,-76,7
-96,-82,-57,-92,-76,-75,7
-97,-78,-63,-92,-74,-74,7
-98,-82,-57,-95,-79,-74,7
-89,-78,-57,-89,-82,-96,7
-87,-78,-63,-88,-82,-68,7
-88,-85,-57,-90,-80,-98,7
-90,-82,-63,-94,-80,-68,7
-94,-84,-58,-90,-78,-68,7
-94,-79,-64,-90,-78,-74,7
-90,-83,-58,-87,-80,-74,7
-90,-80,-63,-90,-80,-68,7
-94,-83,-56,-89,-78,-67,7
-93,-80,-63,-89,-82,-99,7
-92,-76,-62,-96,-81,-99,7
-91,-74,-70,-90,-82,-74,7
-92,-77,-67,-88,-80,-74,7
-93,-73,-60,-87,-81,-76,7
-97,-76,-67,-87,-80,-73,7
-90,-73,-61,-88,-80,-72,7
-94,-81,-68,-89,-80,-73,7
-92,-79,-55,-88,-79,-68,7
-91,-82,-62,-88,-80,-68,7
-94,-78,-55,-86,-77,-96,7
-93,-81,-62,-90,-78,-96,7
-92,-77,-55,-90,-78,-72,7
-89,-81,-62,-90,-81,-72,7
-88,-72,-55,-92,-80,-73,7
-93,-73,-62,-93,-81,-73,7
-96,-77,-62,-88,-81,-97,7
-95,-74,-68,-87,-77,-97,7
-93,-78,-62,-91,-77,-67,7
-87,-75,-71,-87,-80,-68,7
-87,-79,-65,-86,-79,-68,7
-87,-75,-67,-84,-79,-76,7
-92,-74,-56,-88,-79,-75,7
-90,-76,-62,-88,-80,-74,7
-91,-78,-56,-85,-80,-74,7
-91,-76,-62,-85,-77,-74,7
-96,-80,-56,-88,-78,-74,7
-88,-89,-62,-91,-81,-73,7
-89,-91,-56,-90,-80,-73,7
-89,-90,-60,-88,-80,-73,7
-87,-89,-60,-94,-80,-67,7
-98,-86,-54,-91,-81,-98,7
-89,-91,-60,-85,-82,-98,7
-88,-75,-54,-86,-83,-67,7
-89,-78,-60,-89,-82,-97,7
-89,-74,-54,-87,-80,-67,7
-88,-78,-68,-88,-79,-97,7
-89,-74,-68,-87,-80,-75,7
-90,-78,-74,-88,-85,-75,7
-102,-74,-66,-82,-86,-75,7
-96,-78,-72,-86,-94,-67,7
-91,-91,-66,-90,-90,-98,7
-90,-86,-60,-88,-87,-67,7
-90,-90,-54,-84,-76,-97,7
-88,-88,-60,-87,-76,-67,7
-95,-90,-54,-88,-82,-74,7
-92,-89,-54,-92,-88,-74,7
-89,-81,-60,-96,-80,-73,7
-90,-77,-60,-93,-77,-73,7
-91,-83,-65,-87,-78,-73,7
-88,-77,-70,-87,-78,-67,7
-88,-76,-65,-86,-79,-98,7
-88,-80,-72,-85,-84,-67,7
-89,-76,-66,-86,-76,-100,7
-86,-80,-73,-91,-82,-67,7
-88,-75,-72,-88,-85,-99,7
-93,-79,-58,-85,-87,-73,7
-73,-76,-76,-98,-88,-77,8
-73,-82,-84,-99,-81,-93,8
-89,-82,-76,-60,-82,-83,8
-81,-82,-84,-90,-80,-84,8
-79,-84,-81,-57,-86,-87,8
-73,-82,-88,-88,-85,-90,8
-69,-94,-80,-89,-83,-88,8
-69,-85,-91,-57,-84,-77,8
-96,-88,-82,-89,-83,-82,8
-94,-85,-96,-90,-79,-78,8
-82,-87,-92,-96,-79,-78,8
-74,-90,-82,-94,-77,-80,8
-73,-91,-84,-92,-76,-80,8
-77,-92,-78,-61,-78,-83,8
-73,-92,-84,-94,-84,-90,8
-72,-96,-81,-94,-79,-75,8
-72,-94,-86,-89,-76,-80,8
-72,-88,-81,-90,-76,-81,8
-81,-84,-87,-59,-76,-83,8
-81,-90,-80,-91,-87,-79,8
-80,-93,-87,-90,-82,-79,8
-80,-85,-80,-59,-88,-78,8
-81,-78,-86,-91,-87,-80,8
-74,-91,-80,-58,-94,-81,8
-72,-90,-85,-93,-82,-80,8
-72,-96,-76,-94,-93,-78,8
-80,-94,-83,-63,-81,-76,8
-78,-94,-77,-62,-83,-76,8
-79,-80,-84,-94,-78,-77,8
-77,-84,-84,-72,-78,-87,8
-78,-82,-80,-98,-77,-87,8
-76,-80,-91,-96,-80,-86,8
-72,-83,-78,-65,-82,-82,8
-72,-79,-85,-94,-78,-83,8
-75,-91,-77,-64,-80,-83,8
-77,-86,-77,-96,-80,-85,8
-76,-89,-84,-96,-79,-80,8
-74,-85,-78,-94,-78,-83,8
-92,-89,-82,-93,-79,-82,8
-86,-88,-89,-63,-85,-88,8
-82,-94,-81,-93,-91,-90,8
-78,-91,-86,-96,-89,-77,8
-78,-94,-81,-63,-92,-78,8
-80,-82,-83,-94,-89,-78,8
-78,-85,-89,-94,-84,-83,8
-73,-82,-80,-64,-88,-83,8
-73,-85,-82,-98,-84,-78,8
-73,-82,-82,-98,-77,-81,8
-73,-85,-86,-67,-76,-95,8
-76,-82,-77,-98,-79,-81,8
-77,-85,-82,-98,-86,-81,8
-78,-80,-77,-67,-82,-82,8
-73,-85,-85,-97,-79,-85,8
-77,-80,-78,-65,-75,-83,8
-76,-83,-84,-95,-83,-82,8
-83,-80,-78,-98,-77,-89,8
-78,-84,-85,-65,-83,-93,8
-81,-80,-78,-95,-82,-82,8
-82,-98,-85,-95,-85,-78,8
-81,-97,-78,-64,-79,-82,8
-82,-98,-84,-95,-83,-80,8
-80,-91,-77,-95,-77,-78,8
-81,-90,-78,-65,-84,-85,8
-83,-88,-84,-96,-81,-78,8
-83,-87,-78,-97,-80,-87,8
-82,-91,-84,-78,-81,-88,8
-80,-85,-77,-65,-78,-89,8
-80,-83,-85,-95,-87,-83,8
-74,-87,-78,-65,-86,-80,8
-77,-87,-80,-97,-83,-82,8
-75,-82,-88,-96,-80,-89,8
-73,-86,-77,-64,-76,-86,8
-75,-82,-84,-94,-77,-82,8
-78,-84,-78,-94,-76,-83,8
-79,-80,-83,-65,-78,-84,8
-81,-96,-76,-93,-78,-84,8
-94,-91,-82,-62,-77,-83,8
-72,-85,-77,-64,-77,-89,8
-77,-89,-84,-94,-77,-92,8
-80,-89,-80,-96,-77,-92,8
-74,-92,-80,-60,-78,-84,8
-77,-85,-85,-93,-79,-84,8
-72,-92,-82,-93,-80,-84,8
-71,-97,-89,-92,-74,-93,8
-69,-91,-85,-62,-74,-86,8
-73,-96,-85,-93,-73,-93,8
-78,-100,-91,-95,-73,-83,8
-74,-83,-79,-98,-73,-84,8
-74,-82,-85,-96,-81,-87,8
-71,-85,-80,-67,-83,-90,8
-74,-81,-87,-68,-86,-88,8
-71,-84,-82,-97,-82,-77,8
-73,-80,-86,-65,-79,-82,8
-73,-84,-80,-95,-75,-78,8
-79,-90,-78,-65,-83,-78,8
-80,-98,-83,-95,-77,-80,8
-78,-89,-76,-94,-83,-84,8
-76,-88,-81,-64,-82,-88,8
-77,-94,-82,-96,-79,-84,8
-80,-90,-77,-65,-80,-86,8
-76,-80,-74,-73,-79,-76,9
-74,-76,-81,-81,-81,-80,9
-80,-81,-72,-74,-82,-84,9
-77,-82,-78,-70,-81,-78,9
-74,-78,-74,-72,-79,-81,9
-73,-82,-81,-72,-91,-80,9
-73,-78,-81,-79,-89,-77,9
-72,-82,-73,-76,-94,-78,9
-74,-78,-77,-72,-82,-83,9
-75,-82,-71,-72,-85,-84,9
-73,-78,-78,-98,-77,-80,9
-74,-82,-72,-67,-86,-84,9
-77,-78,-78,-100,-80,-85,9
-75,-81,-72,-68,-84,-84,9
-80,-77,-78,-100,-74,-86,9
-83,-82,-71,-64,-80,-84,9
-79,-78,-78,-97,-80,-82,9
-77,-82,-80,-95,-83,-77,9
-80,-78,-69,-65,-91,-77,9
-72,-77,-69,-69,-87,-78,9
-73,-74,-76,-100,-89,-84,9
-85,-78,-69,-67,-78,-80,9
-77,-74,-70,-65,-87,-79,9
-75,-78,-76,-98,-84,-81,9
-76,-75,-74,-68,-87,-81,9
-85,-78,-82,-100,-82,-82,9
-86,-74,-75,-101,-86,-81,9
-88,-80,-78,-99,-76,-84,9
-81,-76,-71,-69,-77,-85,9
-84,-77,-80,-95,-76,-83,9
-80,-79,-76,-95,-86,-82,9
-73,-75,-80,-67,-88,-83,9
-73,-89,-73,-96,-87,-83,9
-78,-81,-80,-96,-78,-82,9
-78,-77,-74,-66,-82,-79,9
-79,-83,-74,-98,-82,-82,9
-78,-81,-84,-96,-83,-82,9
-78,-84,-76,-68,-95,-81,9
-77,-83,-80,-96,-99,-77,9
-76,-83,-80,-70,-92,-84,9
-77,-79,-73,-70,-78,-85,9
-74,-79,-78,-68,-77,-87,9
-75,-79,-79,-98,-81,-86,9
-76,-77,-80,-96,-82,-82,9
-75,-81,-80,-66,-94,-82,9
-77,-78,-72,-98,-78,-88,9
-77,-74,-78,-65,-78,-78,9
-72,-80,-72,-95,-77,-80,9
-74,-78,-78,-96,-85,-80,9
-77,-83,-72,-65,-91,-79,9
-77,-80,-70,-97,-89,-79,9
-74,-83,-77,-99,-83,-79,9
-78,-83,-71,-70,-86,-78,9
-79,-76,-77,-67,-82,-79,9
-78,-76,-70,-69,-82,-88,9
-79,-79,-71,-103,-80,-94,9
-79,-74,-85,-102,-85,-91,9
-79,-78,-79,-100,-84,-80,9
-80,-74,-82,-102,-83,-80,9
-75,-83,-76,-69,-78,-73,9
-75,-83,-70,-71,-78,-72,9
-74,-79,-70,-76,-78,-80,9
-74,-81,-81,-100,-82,-80,9
-78,-80,-72,-69,-83,-84,9
-81,-84,-72,-100,-82,-82,9
-80,-80,-80,-69,-82,-82,9
-76,-83,-74,-97,-75,-81,9
-76,-77,-80,-68,-76,-72,9
-76,-82,-74,-100,-75,-76,9
-76,-78,-80,-67,-77,-77,9
-77,-82,-73,-98,-76,-73,9
-77,-81,-74,-99,-77,-87,9
-75,-82,-81,-68,-81,-85,9
-76,-78,-75,-98,-80,-82,9
-75,-78,-80,-100,-88,-88,9
-80,-74,-73,-72,-94,-85,9
-79,-78,-79,-73,-94,-85,9
-80,-75,-72,-100,-77,-86,9
-81,-78,-78,-98,-77,-80,9
-82,-75,-72,-67,-83,-82,9
-81,-78,-78,-97,-82,-88,9
-75,-74,-72,-97,-84,-85,9
-75,-82,-78,-70,-82,-80,9
-76,-78,-72,-69,-84,-84,9
-76,-82,-78,-72,-83,-78,9
-75,-78,-73,-72,-80,-81,9
-76,-82,-72,-70,-82,-80,9
-74,-78,-78,-102,-82,-77,9
-76,-82,-72,-70,-82,-78,9
-75,-79,-78,-70,-82,-83,9
-74,-78,-71,-70,-77,-84,9
-74,-78,-70,-71,-78,-80,9
-74,-76,-76,-71,-80,-80,9
-71,-79,-70,-70,-84,-82,9
-72,-76,-76,-71,-74,-96,9
-71,-82,-71,-71,-80,-86,9
-76,-78,-77,-71,-73,-97,9
-75,-82,-70,-72,-77,-90,9
-76,-81,-76,-72,-77,-85,9
-77,-78,-70,-72,-80,-85,9
-74,-83,-89,-77,-72,-75,10
-71,-78,-85,-72,-78,-70,10
-71,-85,-78,-71,-77,-97,10
-69,-76,-85,-77,-76,-70,10
-69,-80,-78,-78,-76,-72,10
-70,-77,-84,-73,-84,-74,10
-73,-80,-93,-71,-72,-76,10
-70,-76,-92,-74,-70,-76,10
-86,-80,-96,-75,-100,-75,10
-97,-76,-83,-75,-71,-70,10
-72,-81,-88,-72,-75,-70,10
-68,-81,-78,-74,-75,-70,10
-67,-85,-84,-72,-76,-71,10
-68,-82,-77,-72,-73,-70,10
-68,-85,-83,-76,-73,-99,10
-67,-82,-76,-77,-76,-70,10
-69,-82,-78,-69,-76,-70,10
-69,-86,-84,-71,-75,-72,10
-69,-81,-85,-98,-73,-72,10
-69,-81,-78,-71,-76,-75,10
-67,-77,-85,-77,-79,-76,10
-68,-80,-78,-70,-73,-70,10
-69,-74,-85,-100,-72,-102,10
-69,-79,-84,-78,-78,-70,10
-70,-76,-77,-80,-80,-70,10
-69,-82,-83,-78,-71,-70,10
-70,-79,-76,-78,-71,-72,10
-69,-80,-76,-78,-74,-73,10
-69,-75,-80,-78,-77,-72,10
-70,-79,-77,-74,-77,-71,10
-69,-79,-84,-86,-75,-77,10
-74,-76,-80,-77,-73,-76,10
-69,-80,-80,-76,-74,-76,10
-69,-76,-82,-70,-70,-70,10
-68,-78,-96,-73,-70,-71,10
-68,-82,-96,-76,-100,-71,10
-68,-78,-97,-76,-74,-76,10
-69,-79,-95,-75,-74,-76,10
-69,-83,-82,-73,-81,-76,10
-69,-79,-75,-72,-73,-69,10
-69,-76,-82,-72,-73,-100,10
-67,-81,-75,-75,-75,-69,10
-67,-78,-84,-75,-78,-98,10
-67,-82,-77,-75,-87,-104,10
-72,-82,-83,-79,-79,-69,10
-69,-78,-76,-76,-77,-70,10
-69,-82,-87,-76,-75,-69,10
-69,-80,-80,-80,-74,-69,10
-69,-84,-82,-80,-76,-69,10
-69,-80,-74,-82,-72,-70,10
-69,-79,-80,-72,-72,-70,10
-68,-84,-74,-76,-71,-69,10
-68,-80,-85,-83,-74,-102,10
-68,-83,-80,-78,-75,-76,10
-69,-78,-85,-95,-74,-74,10
-74,-82,-80,-82,-74,-74,10
-68,-82,-86,-78,-72,-70,10
-68,-77,-80,-73,-73,-69,10
-68,-80,-85,-74,-73,-100,10
-68,-77,-80,-72,-73,-69,10
-68,-80,-96,-73,-72,-76,10
-70,-76,-92,-82,-73,-77,10
-77,-78,-96,-70,-73,-71,10
-76,-80,-94,-72,-77,-71,10
-74,-78,-93,-69,-77,-70,10
-74,-83,-92,-79,-80,-68,10
-73,-79,-84,-102,-78,-100,10
-73,-82,-78,-70,-79,-99,10
-77,-81,-83,-74,-74,-67,10
-78,-77,-76,-78,-73,-67,10
-78,-81,-83,-92,-80,-78,10
-75,-76,-89,-90,-76,-77,10
-71,-80,-93,-83,-82,-78,10
-77,-77,-88,-70,-80,-70,10
-75,-80,-94,-102,-77,-69,10
-69,-78,-86,-70,-80,-98,10
-68,-82,-94,-70,-77,-68,10
-70,-79,-88,-76,-81,-78,10
-68,-78,-95,-83,-79,-77,10
-68,-81,-77,-84,-79,-79,10
-74,-78,-84,-82,-78,-70,10
-73,-80,-77,-71,-85,-71,10
-73,-76,-83,-101,-83,-72,10
-72,-81,-76,-70,-84,-71,10
-66,-76,-83,-70,-83,-74,10
-67,-78,-78,-94,-79,-73,10
-67,-85,-84,-90,-79,-73,10
-70,-80,-79,-76,-77,-73,10
-71,-85,-85,-77,-78,-70,10
-71,-81,-78,-69,-77,-75,10
-76,-81,-84,-71,-76,-75,10
-72,-83,-85,-98,-76,-77,10
-73,-80,-83,-71,-84,-71,10
-73,-82,-78,-77,-72,-71,10
-69,-78,-84,-70,-74,-71,10
-71,-82,-78,-100,-77,-72,10
-67,-78,-84,-78,-85,-75,10
-66,-78,-78,-81,-85,-74,10
-68,-76,-88,-84,-81,-70,10
-70,-76,-82,-90,-78,-72,10
-69,-85,-91,-66,-76,-78,11
-67,-86,-81,-96,-91,-78,11
-66,-82,-74,-95,-76,-84,11
-67,-80,-80,-66,-74,-82,11
-66,-88,-72,-67,-78,-81,11
-65,-83,-72,-76,-77,-82,11
-64,-87,-76,-75,-79,-80,11
-67,-82,-70,-72,-84,-81,11
-67,-81,-76,-71,-80,-77,11
-67,-91,-70,-71,-82,-75,11
-67,-86,-76,-74,-78,-81,11
-65,-85,-82,-73,-77,-79,11
-66,-89,-76,-71,-79,-80,11
-67,-82,-77,-71,-78,-80,11
-68,-86,-71,-70,-80,-83,11
-67,-86,-77,-71,-82,-80,11
-67,-82,-77,-70,-87,-82,11
-67,-85,-70,-71,-88,-81,11
-67,-84,-70,-98,-80,-84,11
-67,-81,-76,-68,-93,-82,11
-65,-92,-72,-97,-80,-81,11
-67,-88,-78,-68,-76,-79,11
-67,-88,-79,-100,-75,-81,11
-66,-94,-72,-99,-75,-79,11
-66,-88,-79,-70,-76,-80,11
-65,-88,-72,-72,-82,-80,11
-63,-88,-78,-67,-76,-80,11
-62,-84,-76,-98,-72,-82,11
-62,-89,-76,-98,-79,-85,11
-66,-84,-82,-68,-81,-80,11
-66,-87,-78,-97,-84,-80,11
-66,-92,-84,-96,-76,-87,11
-65,-89,-73,-72,-80,-85,11
-63,-90,-81,-72,-78,-82,11
-64,-80,-75,-72,-74,-82,11
-66,-84,-80,-97,-75,-83,11
-65,-83,-72,-98,-90,-82,11
-66,-90,-79,-66,-95,-84,11
-66,-85,-72,-96,-92,-78,11
-65,-82,-78,-67,-82,-78,11
-65,-81,-76,-96,-74,-77,11
-63,-87,-86,-97,-87,-84,11
-63,-86,-76,-71,-82,-82,11
-63,-90,-83,-72,-75,-84,11
-63,-83,-72,-100,-73,-89,11
-71,-87,-78,-97,-86,-83,11
-72,-85,-74,-67,-74,-83,11
-74,-84,-76,-97,-83,-80,11
-67,-80,-69,-67,-78,-77,11
-70,-84,-78,-97,-77,-83,11
-68,-81,-71,-97,-80,-76,11
-71,-86,-78,-67,-77,-76,11
-70,-83,-76,-96,-78,-83,11
-72,-88,-70,-67,-89,-87,11
-71,-86,-76,-98,-91,-81,11
-66,-86,-71,-67,-73,-88,11
-69,-90,-78,-98,-82,-83,11
-72,-89,-71,-96,-86,-81,11
-69,-85,-78,-66,-75,-81,11
-68,-85,-72,-71,-79,-83,11
-70,-81,-71,-71,-80,-84,11
-70,-85,-76,-71,-82,-82,11
-76,-81,-76,-65,-93,-97,11
-80,-84,-69,-94,-82,-82,11
-85,-87,-75,-96,-81,-82,11
-84,-90,-69,-65,-76,-80,11
-70,-87,-75,-96,-76,-96,11
-71,-89,-68,-68,-75,-78,11
-75,-85,-80,-101,-80,-79,11
-75,-89,-72,-70,-82,-82,11
-80,-85,-72,-67,-83,-75,11
-86,-82,-78,-98,-78,-73,11
-70,-84,-71,-96,-78,-86,11
-72,-83,-71,-69,-76,-74,11
-70,-80,-82,-97,-75,-83,11
-68,-85,-72,-66,-80,-78,11
-69,-81,-78,-66,-79,-77,11
-67,-84,-71,-97,-77,-80,11
-79,-80,-71,-96,-78,-77,11
-72,-85,-77,-98,-76,-78,11
-67,-85,-69,-66,-76,-89,11
-70,-87,-76,-96,-76,-78,11
-65,-96,-69,-96,-86,-78,11
-66,-91,-75,-66,-82,-84,11
-66,-95,-69,-98,-76,-82,11
-66,-88,-68,-70,-75,-81,11
-69,-82,-75,-98,-75,-82,11
-68,-82,-86,-94,-83,-80,11
-67,-76,-91,-97,-84,-81,11
-68,-74,-82,-66,-85,-77,11
-68,-83,-87,-69,-80,-75,11
-67,-83,-80,-87,-80,-81,11
-67,-87,-74,-80,-81,-92,11
-67,-79,-80,-98,-82,-91,11
-65,-83,-76,-70,-78,-84,11
-65,-80,-88,-81,-77,-83,11
-65,-85,-82,-67,-79,-86,11
-65,-80,-76,-97,-78,-82,11
-68,-82,-87,-94,-80,-82,11
-68,-78,-82,-80,-82,-79,11
-75,-76,-83,-98,-79,-74,12
-75,-82,-76,-64,-69,-74,12
-73,-77,-79,-94,-101,-74,12
-73,-69,-83,-94,-98,-74,12
-72,-73,-74,-62,-77,-74,12
-76,-70,-80,-94,-80,-75,12
-77,-70,-75,-93,-77,-72,12
-80,-73,-83,-62,-78,-101,12
-83,-69,-77,-93,-78,-72,12
-80,-73,-83,-93,-71,-72,12
-71,-81,-82,-64,-71,-83,12
-71,-80,-75,-95,-72,-84,12
-71,-77,-76,-95,-80,-88,12
-72,-78,-82,-64,-78,-74,12
-85,-82,-76,-95,-76,-71,12
-84,-72,-82,-64,-69,-75,12
-78,-75,-72,-94,-69,-73,12
-78,-72,-72,-95,-99,-74,12
-70,-76,-83,-72,-80,-76,12
-71,-78,-76,-69,-80,-76,12
-71,-74,-82,-98,-80,-72,12
-71,-71,-76,-97,-80,-72,12
-76,-76,-82,-66,-80,-72,12
-75,-71,-74,-98,-81,-74,12
-76,-75,-80,-95,-78,-76,12
-76,-75,-73,-67,-78,-75,12
-80,-72,-82,-62,-78,-73,12
-84,-75,-73,-93,-78,-72,12
-82,-74,-80,-94,-80,-72,12
-76,-78,-71,-62,-70,-77,12
-76,-77,-77,-93,-70,-75,12
-76,-73,-76,-94,-68,-74,12
-82,-84,-76,-62,-80,-75,12
-80,-76,-76,-100,-81,-75,12
-82,-73,-73,-99,-83,-74,12
-84,-70,-80,-67,-71,-74,12
-71,-70,-81,-100,-70,-73,12
-71,-75,-80,-70,-71,-74,12
-69,-71,-74,-100,-77,-76,12
-76,-72,-80,-70,-76,-72,12
-77,-84,-76,-64,-80,-98,12
-76,-81,-82,-94,-73,-70,12
-72,-81,-76,-62,-77,-100,12
-72,-76,-78,-93,-73,-69,12
-72,-80,-84,-96,-77,-100,12
-76,-76,-77,-64,-76,-73,12
-76,-81,-79,-94,-77,-71,12
-76,-77,-72,-64,-84,-71,12
-80,-83,-79,-95,-70,-76,12
-79,-80,-72,-96,-70,-74,12
-78,-83,-73,-64,-70,-71,12
-78,-80,-77,-96,-82,-72,12
-74,-80,-70,-68,-84,-72,12
-76,-83,-76,-101,-73,-71,12
-77,-85,-70,-103,-75,-72,12
-77,-79,-77,-69,-80,-74,12
-76,-80,-71,-102,-82,-72,12
-76,-84,-83,-101,-74,-72,12
-74,-84,-79,-69,-80,-76,12
-70,-80,-85,-100,-82,-74,12
-74,-82,-76,-64,-69,-70,12
-75,-72,-74,-95,-99,-71,12
-77,-72,-77,-95,-69,-80,12
-78,-75,-89,-64,-101,-77,12
-76,-72,-76,-96,-68,-73,12
-78,-77,-85,-96,-81,-76,12
-78,-80,-78,-64,-83,-73,12
-80,-86,-72,-95,-82,-73,12
-76,-82,-70,-96,-70,-74,12
-87,-83,-70,-100,-98,-75,12
-83,-70,-82,-99,-70,-71,12
-84,-74,-83,-98,-100,-72,12
-71,-70,-76,-69,-70,-73,12
-72,-72,-84,-62,-81,-71,12
-72,-71,-80,-93,-81,-71,12
-76,-73,-79,-93,-81,-73,12
-77,-70,-84,-62,-74,-75,12
-77,-79,-72,-94,-78,-76,12
-76,-80,-72,-94,-72,-73,12
-75,-81,-76,-62,-71,-71,12
-71,-85,-70,-92,-71,-72,12
-71,-80,-76,-92,-70,-72,12
-72,-82,-79,-65,-74,-72,12
-71,-90,-78,-96,-74,-71,12
-71,-80,-72,-94,-74,-72,12
-75,-81,-78,-63,-70,-73,12
-75,-82,-71,-93,-70,-73,12
-75,-80,-72,-93,-70,-72,12
-74,-76,-79,-63,-79,-73,12
-78,-79,-72,-95,-80,-73,12
-87,-77,-78,-96,-80,-72,12
-86,-75,-72,-62,-74,-72,12
-73,-69,-80,-94,-74,-81,12
-73,-84,-73,-62,-74,-80,12
-73,-86,-74,-94,-84,-72,12
-75,-85,-82,-63,-80,-72,12
-77,-83,-76,-95,-81,-84,12
-77,-87,-85,-62,-73,-74,12
-77,-85,-75,-96,-73,-71,12
-70,-75,-81,-94,-72,-72,12
-83,-89,-83,-74,-74,-76,13
-77,-88,-88,-77,-81,-75,13
-76,-83,-81,-76,-82,-96,13
-76,-82,-92,-77,-84,-94,13
-76,-81,-83,-76,-73,-73,13
-79,-77,-83,-72,-74,-73,13
-77,-81,-90,-73,-74,-72,13
-78,-77,-83,-71,-74,-78,13
-78,-80,-82,-72,-74,-78,13
-96,-83,-90,-75,-74,-88,13
-94,-80,-87,-71,-80,-90,13
-90,-82,-96,-71,-84,-78,13
-79,-79,-88,-72,-82,-78,13
-80,-80,-92,-74,-73,-90,13
-79,-82,-92,-75,-73,-87,13
-79,-78,-86,-76,-73,-89,13
-80,-86,-91,-71,-83,-73,13
-93,-83,-77,-71,-83,-73,13
-91,-86,-84,-98,-74,-77,13
-98,-83,-79,-70,-74,-76,13
-80,-86,-85,-71,-73,-77,13
-80,-84,-78,-72,-74,-72,13
-80,-87,-84,-72,-73,-72,13
-79,-84,-78,-73,-75,-72,13
-80,-83,-84,-74,-74,-78,13
-81,-79,-81,-73,-74,-78,13
-80,-79,-87,-74,-73,-78,13
-81,-82,-81,-74,-73,-86,13
-88,-79,-81,-73,-73,-88,13
-90,-82,-88,-72,-81,-73,13
-89,-79,-82,-76,-83,-74,13
-91,-84,-87,-77,-81,-73,13
-81,-87,-83,-76,-76,-93,13
-81,-84,-76,-72,-75,-93,13
-80,-87,-83,-72,-80,-75,13
-81,-78,-76,-73,-80,-74,13
-92,-82,-83,-74,-78,-74,13
-93,-79,-77,-74,-75,-79,13
-80,-82,-83,-76,-75,-79,13
-80,-78,-77,-78,-76,-79,13
-79,-82,-88,-78,-73,-92,13
-78,-79,-81,-79,-73,-94,13
-77,-83,-87,-76,-81,-90,13
-77,-79,-82,-77,-80,-80,13
-77,-82,-87,-76,-73,-80,13
-76,-83,-81,-71,-74,-80,13
-74,-82,-88,-71,-73,-92,13
-76,-80,-81,-78,-79,-89,13
-77,-82,-93,-82,-80,-91,13
-78,-86,-86,-78,-80,-74,13
-93,-83,-92,-71,-78,-74,13
-90,-87,-86,-71,-75,-79,13
-89,-83,-85,-71,-73,-80,13
-94,-87,-92,-71,-73,-80,13
-78,-84,-90,-78,-76,-74,13
-78,-88,-78,-78,-74,-75,13
-77,-78,-77,-78,-74,-75,13
-96,-82,-84,-74,-73,-77,13
-96,-79,-84,-75,-74,-77,13
-93,-83,-78,-70,-80,-79,13
-95,-80,-96,-101,-78,-97,13
-77,-83,-89,-71,-80,-91,13
-77,-79,-96,-76,-74,-76,13
-77,-79,-91,-74,-75,-76,13
-77,-86,-96,-71,-75,-75,13
-78,-83,-77,-71,-77,-90,13
-78,-86,-83,-71,-78,-97,13
-77,-83,-77,-98,-75,-76,13
-77,-86,-83,-79,-77,-93,13
-100,-83,-83,-78,-79,-89,13
-96,-86,-77,-78,-80,-75,13
-96,-82,-83,-76,-75,-74,13
-78,-82,-82,-74,-73,-76,13
-78,-78,-82,-78,-75,-80,13
-78,-79,-88,-78,-73,-81,13
-78,-82,-87,-82,-73,-79,13
-86,-82,-90,-74,-73,-75,13
-88,-79,-95,-74,-76,-75,13
-87,-83,-93,-78,-76,-75,13
-86,-79,-87,-81,-76,-74,13
-77,-83,-86,-76,-74,-78,13
-76,-78,-90,-74,-73,-78,13
-76,-80,-84,-74,-73,-92,13
-76,-84,-91,-70,-77,-89,13
-76,-81,-85,-71,-74,-93,13
-78,-82,-92,-70,-76,-74,13
-78,-78,-84,-74,-82,-74,13
-78,-82,-93,-74,-81,-73,13
-76,-78,-88,-73,-74,-93,13
-77,-82,-83,-71,-75,-91,13
-76,-82,-90,-70,-76,-94,13
-76,-83,-84,-70,-74,-77,13
-78,-80,-90,-77,-81,-77,13
-77,-83,-90,-72,-82,-73,13
-77,-78,-84,-74,-84,-73,13
-76,-83,-78,-79,-73,-72,13
-76,-83,-84,-77,-74,-78,13
-77,-84,-78,-77,-74,-78,13
-79,-82,-84,-78,-74,-88,13
-79,-85,-78,-78,-76,-77,13
-85,-97,-86,-82,-73,-72,14
-84,-84,-82,-87,-76,-74,14
-82,-79,-91,-75,-82,-73,14
-89,-83,-81,-74,-76,-86,14
-81,-79,-79,-73,-71,-75,14
-83,-82,-76,-85,-73,-82,14
-78,-81,-73,-71,-73,-76,14
-80,-86,-81,-70,-74,-78,14
-85,-82,-75,-68,-78,-78,14
-84,-83,-80,-68,-72,-78,14
-85,-88,-75,-98,-76,-77,14
-87,-88,-70,-68,-74,-81,14
-80,-81,-84,-99,-94,-80,14
-80,-86,-79,-69,-66,-77,14
-82,-82,-77,-101,-97,-71,14
-84,-80,-66,-68,-68,-73,14
-89,-88,-72,-97,-68,-73,14
-78,-88,-66,-72,-81,-71,14
-85,-83,-73,-73,-85,-80,14
-78,-83,-68,-74,-93,-80,14
-82,-94,-75,-70,-76,-80,14
-85,-90,-68,-100,-77,-78,14
-84,-79,-74,-70,-88,-76,14
-85,-83,-68,-68,-79,-80,14
-89,-80,-75,-98,-77,-77,14
-87,-83,-69,-68,-78,-76,14
-77,-80,-76,-98,-98,-77,14
-79,-83,-69,-99,-95,-78,14
-78,-87,-75,-70,-66,-77,14
-78,-92,-69,-69,-98,-74,14
-91,-89,-79,-68,-68,-73,14
-87,-84,-70,-96,-100,-74,14
-84,-88,-75,-98,-83,-80,14
-82,-86,-68,-99,-73,-78,14
-77,-86,-70,-98,-70,-84,14
-78,-79,-76,-98,-74,-77,14
-76,-85,-70,-73,-68,-71,14
-77,-85,-75,-70,-79,-75,14
-76,-87,-70,-70,-78,-81,14
-76,-82,-79,-102,-84,-82,14
-76,-85,-73,-72,-80,-79,14
-80,-80,-79,-71,-79,-79,14
-80,-83,-73,-100,-65,-80,14
-81,-88,-78,-98,-66,-74,14
-86,-83,-83,-69,-65,-74,14
-87,-87,-78,-67,-84,-74,14
-81,-84,-84,-99,-82,-80,14
-78,-87,-81,-80,-81,-78,14
-77,-84,-73,-69,-67,-79,14
-78,-87,-80,-67,-74,-78,14
-81,-83,-73,-69,-98,-76,14
-90,-84,-79,-98,-68,-80,14
-81,-87,-69,-72,-76,-79,14
-77,-83,-69,-69,-80,-81,14
-77,-86,-76,-100,-83,-81,14
-78,-88,-70,-69,-81,-80,14
-78,-84,-77,-100,-82,-80,14
-77,-88,-73,-98,-81,-76,14
-78,-85,-80,-68,-74,-76,14
-79,-89,-74,-98,-76,-79,14
-77,-85,-75,-98,-79,-83,14
-79,-88,-82,-72,-68,-77,14
-78,-85,-74,-71,-67,-84,14
-77,-86,-70,-71,-97,-82,14
-78,-84,-76,-100,-96,-75,14
-78,-88,-69,-100,-98,-82,14
-80,-84,-75,-100,-84,-78,14
-78,-85,-76,-69,-81,-78,14
-80,-82,-69,-68,-78,-76,14
-82,-87,-76,-98,-76,-75,14
-82,-88,-70,-71,-78,-80,14
-83,-88,-77,-100,-72,-83,14
-84,-93,-71,-68,-74,-80,14
-78,-95,-76,-97,-73,-80,14
-79,-90,-70,-102,-78,-81,14
-79,-84,-76,-69,-98,-78,14
-87,-86,-69,-98,-73,-82,14
-82,-87,-76,-100,-78,-82,14
-81,-87,-69,-69,-70,-82,14
-83,-83,-77,-70,-73,-77,14
-79,-79,-71,-69,-67,-77,14
-81,-81,-77,-101,-99,-85,14
-81,-73,-78,-70,-79,-81,14
-78,-91,-75,-102,-78,-87,14
-78,-78,-74,-69,-66,-85,14
-79,-78,-83,-100,-96,-85,14
-83,-88,-65,-69,-97,-81,14
-86,-85,-71,-98,-64,-82,14
-90,-88,-74,-100,-94,-84,14
-84,-84,-69,-70,-66,-83,14
-80,-89,-74,-102,-96,-84,14
-83,-82,-68,-72,-96,-79,14
-84,-86,-87,-70,-81,-77,14
-84,-84,-76,-70,-82,-77,14
-83,-87,-75,-69,-81,-72,14
-82,-84,-78,-102,-74,-74,14
-80,-88,-72,-103,-75,-73,14
-82,-84,-78,-100,-75,-86,14
-85,-88,-72,-70,-77,-75,14
-81,-84,-76,-100,-77,-77,14
-85,-78,-76,-98,-74,-94,15
-79,-74,-82,-98,-72,-64,15
-82,-78,-75,-66,-65,-96,15
-87,-74,-82,-96,-99,-65,15
-89,-82,-75,-66,-64,-95,15
-85,-79,-88,-96,-96,-96,15
-87,-78,-72,-67,-63,-65,15
-90,-79,-80,-69,-95,-96,15
-80,-83,-82,-66,-95,-65,15
-85,-80,-72,-97,-96,-96,15
-80,-89,-80,-94,-98,-66,15
-80,-84,-75,-64,-96,-98,15
-88,-86,-74,-94,-65,-66,15
-83,-82,-81,-93,-99,-96,15
-77,-86,-74,-64,-65,-67,15
-78,-82,-80,-97,-97,-96,15
-82,-86,-74,-96,-97,-63,15
-81,-83,-81,-64,-96,-94,15
-79,-88,-73,-97,-95,-64,15
-80,-86,-80,-66,-65,-94,15
-76,-83,-78,-97,-96,-95,15
-76,-89,-86,-96,-64,-64,15
-77,-89,-78,-67,-71,-94,15
-77,-85,-83,-97,-71,-96,15
-76,-85,-84,-97,-74,-68,15
-76,-85,-77,-66,-76,-68,15
-80,-80,-83,-70,-73,-100,15
-78,-80,-74,-78,-74,-98,15
-78,-96,-83,-75,-73,-68,15
-78,-79,-83,-67,-72,-98,15
-82,-82,-78,-97,-75,-72,15
-82,-82,-86,-96,-71,-76,15
-82,-77,-83,-63,-100,-68,15
-84,-81,-85,-71,-75,-71,15
-74,-85,-80,-65,-72,-74,15
-79,-91,-83,-93,-73,-71,15
-79,-88,-73,-72,-70,-65,15
-87,-88,-79,-64,-100,-97,15
-89,-77,-81,-97,-71,-64,15
-82,-80,-88,-94,-71,-67,15
-81,-84,-86,-94,-74,-99,15
-83,-76,-80,-70,-74,-66,15
-83,-80,-73,-64,-71,-67,15
-87,-79,-88,-64,-100,-96,15
-82,-94,-81,-96,-69,-65,15
-80,-90,-75,-64,-97,-96,15
-82,-81,-76,-64,-68,-64,15
-77,-83,-82,-96,-99,-94,15
-74,-95,-76,-96,-72,-64,15
-76,-93,-83,-68,-72,-95,15
-76,-80,-77,-69,-72,-68,15
-76,-91,-78,-69,-70,-97,15
-77,-80,-81,-70,-75,-99,15
-79,-82,-74,-73,-69,-99,15
-78,-85,-78,-73,-69,-98,15
-77,-82,-72,-71,-69,-68,15
-77,-84,-78,-66,-74,-99,15
-77,-85,-74,-66,-73,-96,15
-77,-93,-88,-97,-75,-96,15
-79,-87,-80,-96,-71,-64,15
-78,-93,-87,-66,-68,-95,15
-76,-90,-80,-97,-73,-94,15
-77,-93,-85,-102,-71,-69,15
-77,-84,-84,-70,-71,-69,15
-76,-83,-77,-70,-82,-97,15
-83,-80,-81,-72,-78,-69,15
-86,-83,-75,-69,-80,-98,15
-86,-82,-80,-69,-72,-102,15
-83,-85,-74,-100,-72,-67,15
-76,-77,-81,-69,-72,-97,15
-74,-80,-74,-100,-66,-98,15
-75,-78,-80,-73,-97,-98,15
-75,-85,-74,-68,-70,-70,15
-76,-82,-82,-98,-66,-96,15
-76,-90,-74,-67,-97,-93,15
-77,-78,-80,-95,-65,-63,15
-83,-83,-73,-96,-95,-95,15
-82,-80,-76,-68,-101,-94,15
-82,-84,-82,-98,-65,-68,15
-77,-80,-76,-95,-96,-98,15
-84,-82,-84,-66,-72,-96,15
-85,-95,-76,-98,-72,-68,15
-84,-94,-83,-97,-71,-97,15
-81,-89,-75,-66,-70,-100,15
-86,-92,-81,-97,-71,-68,15
-78,-90,-77,-68,-70,-98,15
-78,-88,-94,-71,-68,-65,15
-78,-88,-100,-72,-74,-94,15
-77,-88,-83,-72,-75,-96,15
-77,-80,-89,-72,-99,-64,15
-76,-83,-95,-66,-97,-96,15
-78,-82,-83,-97,-98,-97,15
-79,-85,-85,-96,-65,-65,15
-82,-81,-75,-65,-100,-96,15
-86,-78,-89,-98,-98,-70,15
-81,-78,-76,-96,-100,-98,15
-72,-86,-75,-65,-71,-100,15
-73,-83,-81,-96,-70,-69,15
-72,-91,-75,-72,-75,-98,15
-72,-88,-81,-70,-72,-100,15
-82,-91,-77,-72,-71,-82,16
-84,-88,-84,-71,-75,-75,16
-80,-91,-71,-71,-81,-74,16
-79,-94,-78,-77,-72,-81,16
-85,-88,-73,-71,-99,-84,16
-75,-85,-77,-100,-68,-81,16
-73,-81,-71,-72,-69,-78,16
-82,-82,-76,-74,-69,-76,16
-83,-79,-70,-75,-99,-71,16
-85,-83,-73,-70,-70,-70,16
-82,-76,-67,-98,-100,-81,16
-75,-78,-73,-97,-66,-74,16
-73,-78,-80,-68,-98,-73,16
-72,-83,-73,-67,-69,-72,16
-71,-90,-80,-100,-72,-70,16
-74,-85,-74,-68,-78,-83,16
-72,-81,-80,-67,-77,-83,16
-77,-85,-80,-67,-70,-77,16
-79,-81,-72,-96,-90,-81,16
-80,-85,-81,-98,-69,-82,16
-78,-83,-86,-68,-100,-78,16
-80,-90,-91,-96,-98,-82,16
-78,-96,-88,-98,-68,-80,16
-73,-89,-84,-67,-97,-76,16
-75,-91,-73,-96,-68,-76,16
-76,-87,-66,-96,-71,-84,16
-83,-92,-73,-67,-79,-81,16
-85,-82,-67,-97,-74,-84,16
-85,-86,-66,-68,-71,-83,16
-92,-82,-71,-100,-72,-76,16
-81,-83,-66,-97,-71,-93,16
-78,-84,-91,-64,-96,-90,16
-80,-80,-91,-95,-68,-80,16
-71,-82,-78,-97,-99,-81,16
-93,-82,-84,-65,-67,-80,16
-83,-89,-80,-99,-96,-78,16
-69,-98,-84,-98,-81,-80,16
-70,-85,-64,-70,-71,-78,16
-70,-87,-69,-70,-99,-74,16
-70,-84,-71,-98,-70,-71,16
-68,-87,-64,-104,-71,-71,16
-68,-84,-70,-69,-80,-78,16
-67,-85,-63,-98,-74,-84,16
-80,-86,-70,-69,-75,-80,16
-86,-79,-73,-67,-71,-72,16
-80,-80,-78,-97,-71,-73,16
-78,-84,-71,-97,-68,-83,16
-80,-82,-76,-66,-73,-82,16
-79,-87,-71,-69,-74,-83,16
-82,-86,-75,-75,-65,-84,16
-84,-87,-67,-76,-68,-88,16
-88,-83,-76,-73,-98,-78,16
-84,-83,-80,-71,-72,-80,16
-84,-82,-72,-98,-71,-77,16
-76,-88,-78,-68,-69,-76,16
-71,-89,-71,-69,-70,-84,16
-74,-96,-80,-70,-67,-88,16
-76,-97,-69,-72,-98,-74,16
-76,-92,-80,-71,-72,-78,16
-75,-92,-82,-70,-75,-74,16
-81,-85,-78,-71,-73,-74,16
-70,-94,-71,-98,-100,-73,16
-69,-84,-77,-96,-71,-85,16
-71,-86,-71,-70,-68,-97,16
-75,-88,-76,-100,-98,-82,16
-76,-82,-68,-71,-88,-73,16
-97,-85,-74,-70,-76,-92,16
-93,-83,-67,-72,-72,-77,16
-91,-88,-74,-73,-98,-78,16
-86,-86,-68,-72,-71,-81,16
-91,-89,-75,-67,-100,-79,16
-88,-83,-80,-97,-78,-73,16
-87,-85,-73,-98,-67,-73,16
-92,-91,-75,-68,-73,-75,16
-80,-77,-81,-70,-72,-76,16
-86,-83,-76,-70,-72,-77,16
-92,-82,-80,-67,-96,-76,16
-78,-84,-77,-68,-70,-73,16
-73,-79,-78,-96,-70,-87,16
-76,-82,-76,-66,-101,-72,16
-75,-77,-90,-98,-69,-81,16
-76,-80,-75,-73,-86,-87,16
-83,-94,-80,-100,-71,-77,16
-78,-85,-76,-68,-72,-76,16
-76,-86,-78,-101,-96,-73,16
-86,-81,-74,-67,-69,-90,16
-86,-86,-70,-95,-68,-95,16
-85,-83,-76,-65,-88,-87,16
-83,-92,-69,-98,-86,-78,16
-72,-79,-75,-68,-74,-78,16
-74,-81,-70,-67,-76,-82,16
-74,-78,-74,-98,-75,-75,16
-71,-82,-70,-97,-73,-74,16
-84,-80,-74,-96,-73,-81,16
-82,-83,-80,-98,-75,-84,16
-85,-81,-80,-66,-74,-81,16
-80,-86,-74,-95,-72,-78,16
-77,-89,-96,-96,-67,-76,16
-75,-98,-80,-67,-97,-76,16
-76,-95,-72,-98,-97,-78,16
-87,-89,-76,-77,-72,-74,17
-74,-93,-90,-81,-71,-77,17
-80,-79,-80,-77,-97,-78,17
-80,-84,-74,-78,-101,-73,17
-80,-92,-80,-74,-68,-73,17
-77,-82,-74,-77,-100,-74,17
-85,-82,-79,-76,-100,-81,17
-85,-84,-73,-78,-67,-82,17
-85,-80,-71,-71,-68,-75,17
-90,-79,-76,-71,-71,-75,17
-92,-86,-90,-71,-70,-73,17
-91,-81,-84,-75,-71,-73,17
-84,-79,-98,-74,-78,-73,17
-83,-82,-86,-75,-76,-78,17
-86,-78,-85,-75,-98,-80,17
-82,-84,-93,-75,-103,-77,17
-82,-84,-77,-78,-67,-78,17
-82,-78,-86,-77,-69,-83,17
-82,-81,-77,-90,-100,-80,17
-84,-78,-82,-78,-69,-86,17
-84,-81,-81,-78,-96,-80,17
-85,-78,-75,-83,-78,-82,17
-83,-93,-82,-74,-77,-82,17
-85,-89,-74,-80,-74,-78,17
-87,-91,-81,-78,-70,-76,17
-92,-90,-75,-80,-72,-76,17
-78,-92,-74,-73,-78,-85,17
-76,-91,-80,-78,-76,-80,17
-76,-82,-73,-80,-80,-86,17
-76,-78,-96,-87,-72,-77,17
-80,-78,-96,-89,-72,-82,17
-84,-82,-89,-84,-75,-81,17
-83,-80,-94,-85,-88,-77,17
-82,-82,-87,-86,-88,-80,17
-82,-77,-85,-86,-81,-84,17
-79,-85,-82,-76,-75,-81,17
-78,-79,-86,-76,-78,-82,17
-76,-82,-85,-84,-70,-94,17
-88,-79,-80,-83,-69,-74,17
-91,-83,-86,-82,-102,-78,17
-78,-79,-78,-86,-100,-91,17
-80,-83,-85,-79,-69,-81,17
-80,-80,-81,-78,-102,-80,17
-78,-83,-74,-85,-69,-83,17
-79,-83,-80,-81,-69,-84,17
-82,-82,-74,-80,-69,-84,17
-81,-89,-75,-84,-100,-82,17
-82,-89,-93,-84,-69,-83,17
-82,-78,-81,-83,-71,-83,17
-80,-82,-74,-83,-100,-83,17
-76,-82,-81,-89,-68,-80,17
-78,-89,-76,-76,-102,-81,17
-86,-85,-81,-86,-70,-84,17
-92,-89,-90,-88,-73,-83,17
-88,-91,-79,-86,-75,-75,17
-80,-88,-83,-83,-76,-88,17
-80,-88,-77,-84,-73,-83,17
-80,-90,-83,-87,-76,-82,17
-79,-85,-85,-86,-76,-81,17
-83,-87,-89,-83,-73,-87,17
-83,-94,-82,-83,-74,-84,17
-82,-88,-80,-78,-76,-84,17
-79,-89,-79,-86,-76,-84,17
-84,-91,-82,-80,-75,-76,17
-80,-87,-83,-83,-72,-75,17
-77,-89,-82,-75,-70,-78,17
-78,-85,-75,-76,-98,-76,17
-79,-85,-82,-82,-69,-82,17
-78,-94,-80,-82,-97,-77,17
-78,-87,-90,-80,-100,-77,17
-80,-88,-76,-83,-74,-75,17
-79,-87,-83,-88,-74,-77,17
-78,-91,-78,-90,-74,-80,17
-78,-87,-73,-75,-67,-82,17
-80,-93,-80,-75,-97,-80,17
-78,-90,-73,-82,-99,-80,17
-77,-92,-80,-78,-67,-80,17
-77,-87,-72,-81,-98,-81,17
-78,-92,-81,-79,-67,-91,17
-78,-90,-80,-84,-98,-81,17
-78,-88,-85,-84,-75,-79,17
-83,-90,-79,-80,-75,-83,17
-81,-85,-86,-77,-75,-84,17
-75,-92,-85,-79,-70,-91,17
-77,-88,-91,-79,-98,-87,17
-76,-88,-82,-80,-68,-75,17
-88,-84,-74,-73,-70,-80,17
-80,-90,-81,-78,-70,-75,17
-80,-92,-76,-80,-68,-80,17
-85,-82,-82,-87,-71,-80,17
-80,-82,-77,-89,-72,-80,17
-78,-78,-85,-84,-71,-74,17
-80,-83,-80,-85,-73,-78,17
-80,-88,-84,-86,-74,-78,17
-80,-90,-91,-78,-77,-78,17
-78,-98,-77,-74,-79,-73,17
-81,-79,-82,-80,-68,-74,17
-88,-83,-77,-78,-98,-81,17
-87,-86,-77,-79,-69,-82,17
-85,-91,-96,-79,-101,-78,17
-89,-86,-68,-79,-67,-79,18
-87,-82,-73,-87,-91,-70,18
-83,-86,-67,-81,-93,-70,18
-80,-92,-85,-81,-63,-102,18
-81,-93,-78,-86,-92,-69,18
-81,-93,-85,-83,-96,-78,18
-77,-93,-80,-87,-64,-77,18
-77,-94,-81,-96,-95,-74,18
-77,-82,-76,-93,-69,-69,18
-84,-82,-80,-81,-97,-98,18
-81,-84,-78,-81,-66,-70,18
-82,-85,-75,-83,-97,-70,18
-80,-89,-69,-98,-97,-68,18
-85,-86,-70,-88,-96,-74,18
-88,-82,-76,-87,-93,-75,18
-84,-86,-75,-91,-63,-100,18
-92,-82,-69,-80,-94,-70,18
-82,-84,-79,-80,-93,-99,18
-82,-84,-73,-80,-63,-70,18
-91,-84,-79,-90,-94,-98,18
-83,-79,-72,-86,-62,-69,18
-83,-91,-78,-73,-100,-100,18
-78,-92,-79,-74,-62,-68,18
-97,-87,-73,-74,-63,-82,18
-79,-87,-77,-82,-92,-81,18
-79,-93,-82,-82,-94,-84,18
-80,-91,-82,-79,-63,-73,18
-79,-89,-76,-82,-93,-71,18
-78,-86,-82,-82,-94,-79,18
-86,-91,-81,-82,-65,-73,18
-83,-87,-70,-80,-96,-74,18
-84,-90,-76,-82,-64,-74,18
-80,-86,-71,-78,-96,-78,18
-79,-88,-73,-79,-95,-78,18
-78,-92,-78,-83,-65,-74,18
-78,-86,-70,-83,-96,-74,18
-79,-89,-79,-85,-60,-74,18
-78,-84,-69,-84,-62,-74,18
-81,-88,-85,-80,-61,-74,18
-76,-91,-82,-78,-93,-74,18
-78,-86,-75,-78,-92,-75,18
-79,-89,-68,-88,-66,-75,18
-79,-84,-76,-86,-98,-74,18
-80,-87,-70,-85,-98,-74,18
-81,-83,-73,-79,-67,-78,18
-79,-82,-79,-78,-98,-79,18
-81,-85,-74,-80,-97,-79,18
-80,-91,-80,-79,-98,-70,18
-79,-86,-73,-82,-98,-70,18
-80,-87,-79,-80,-62,-101,18
-80,-83,-73,-82,-93,-70,18
-79,-86,-72,-82,-92,-73,18
-80,-82,-77,-80,-63,-73,18
-80,-84,-70,-83,-96,-72,18
-87,-80,-78,-74,-94,-69,18
-84,-84,-72,-75,-98,-69,18
-82,-82,-77,-76,-100,-70,18
-82,-84,-69,-78,-67,-72,18
-82,-85,-76,-78,-98,-73,18
-84,-81,-70,-77,-67,-73,18
-83,-85,-74,-79,-98,-77,18
-80,-83,-68,-76,-67,-77,18
-79,-85,-75,-76,-96,-76,18
-79,-84,-69,-75,-96,-70,18
-80,-81,-75,-75,-97,-71,18
-83,-87,-69,-83,-95,-71,18
-83,-82,-75,-84,-63,-77,18
-82,-86,-69,-85,-95,-76,18
-81,-84,-80,-80,-95,-70,18
-80,-88,-73,-80,-63,-74,18
-80,-80,-78,-81,-95,-100,18
-82,-86,-69,-82,-64,-69,18
-80,-83,-73,-80,-95,-86,18
-82,-87,-80,-76,-96,-90,18
-83,-82,-72,-77,-64,-74,18
-80,-86,-73,-77,-94,-77,18
-82,-82,-66,-76,-64,-74,18
-79,-95,-74,-76,-96,-89,18
-82,-92,-67,-82,-67,-77,18
-87,-96,-75,-83,-97,-73,18
-83,-99,-67,-78,-97,-74,18
-84,-88,-67,-75,-67,-74,18
-88,-84,-74,-76,-99,-73,18
-86,-87,-69,-82,-67,-71,18
-90,-84,-75,-82,-98,-78,18
-90,-87,-76,-82,-93,-77,18
-89,-83,-69,-86,-65,-73,18
-81,-87,-75,-85,-93,-72,18
-80,-82,-76,-79,-62,-71,18
-80,-79,-69,-87,-93,-89,18
-78,-83,-76,-81,-94,-82,18
-78,-80,-69,-81,-62,-82,18
-81,-83,-76,-86,-93,-72,18
-79,-80,-69,-83,-69,-73,18
-79,-84,-76,-87,-100,-75,18
-77,-80,-76,-86,-100,-76,18
-83,-98,-68,-83,-69,-73,18
-82,-98,-68,-90,-64,-72,18
-83,-95,-68,-83,-94,-75,18
-88,-92,-74,-85,-96,-74,18
-89,-82,-79,-89,-77,-72,19
-87,-85,-74,-89,-76,-71,19
-97,-82,-80,-87,-80,-71,19
-91,-86,-73,-85,-78,-76,19
-80,-82,-79,-84,-78,-75,19
-79,-86,-73,-84,-77,-76,19
-97,-83,-79,-96,-76,-90,19
-95,-87,-73,-96,-75,-71,19
-89,-93,-87,-95,-75,-71,19
-88,-91,-79,-85,-76,-71,19
-88,-90,-86,-88,-76,-91,19
-88,-94,-81,-86,-75,-89,19
-91,-91,-85,-95,-76,-89,19
-97,-93,-80,-95,-76,-89,19
-90,-90,-79,-88,-76,-72,19
-92,-93,-85,-89,-76,-71,19
-90,-90,-82,-89,-78,-71,19
-80,-95,-80,-89,-78,-76,19
-80,-89,-87,-85,-78,-76,19
-80,-92,-81,-84,-75,-76,19
-80,-89,-86,-89,-76,-91,19
-96,-92,-80,-89,-77,-91,19
-98,-89,-73,-89,-78,-89,19
-100,-85,-79,-86,-78,-76,19
-80,-85,-73,-85,-76,-76,19
-80,-82,-79,-86,-76,-88,19
-80,-82,-73,-95,-76,-89,19
-97,-82,-79,-87,-76,-90,19
-96,-93,-81,-88,-76,-71,19
-96,-89,-88,-91,-76,-72,19
-96,-92,-80,-92,-76,-72,19
-89,-86,-86,-91,-77,-76,19
-89,-93,-87,-88,-76,-76,19
-89,-88,-87,-88,-76,-76,19
-80,-90,-74,-87,-77,-72,19
-80,-89,-80,-87,-78,-72,19
-90,-87,-73,-86,-75,-72,19
-87,-84,-80,-86,-75,-75,19
-87,-87,-81,-91,-75,-75,19
-79,-84,-72,-97,-76,-74,19
-80,-88,-82,-84,-76,-86,19
-80,-81,-88,-84,-76,-85,19
-100,-83,-79,-91,-78,-87,19
-87,-82,-85,-90,-76,-72,19
-87,-84,-80,-90,-75,-72,19
-87,-90,-85,-89,-76,-72,19
-85,-97,-80,-85,-76,-72,19
-91,-91,-88,-86,-76,-88,19
-98,-89,-80,-88,-78,-89,19
-93,-92,-87,-83,-78,-71,19
-86,-91,-87,-97,-78,-75,19
-88,-93,-81,-98,-75,-76,19
-90,-90,-87,-85,-75,-89,19
-79,-93,-80,-90,-76,-91,19
-78,-90,-85,-90,-77,-91,19
-79,-90,-79,-89,-77,-76,19
-79,-94,-79,-88,-78,-76,19
-96,-90,-85,-86,-76,-89,19
-96,-94,-79,-92,-75,-72,19
-97,-90,-85,-85,-75,-72,19
-81,-92,-79,-86,-75,-72,19
-81,-91,-88,-88,-76,-76,19
-81,-95,-80,-91,-78,-77,19
-80,-93,-87,-91,-78,-72,19
-79,-90,-88,-86,-78,-72,19
-92,-94,-80,-84,-76,-72,19
-98,-90,-87,-91,-77,-76,19
-94,-93,-87,-94,-77,-76,19
-87,-91,-79,-90,-77,-94,19
-85,-92,-73,-88,-74,-87,19
-86,-90,-80,-90,-74,-93,19
-79,-94,-73,-87,-76,-88,19
-80,-90,-80,-86,-77,-72,19
-80,-95,-80,-91,-76,-72,19
-80,-90,-80,-91,-75,-72,19
-88,-82,-86,-83,-76,-93,19
-87,-86,-85,-83,-73,-71,19
-86,-83,-79,-84,-91,-70,19
-80,-94,-85,-88,-76,-76,19
-79,-95,-73,-89,-76,-77,19
-80,-92,-80,-90,-77,-76,19
-87,-96,-73,-84,-76,-89,19
-88,-92,-79,-86,-83,-93,19
-86,-82,-73,-84,-83,-92,19
-87,-82,-73,-84,-82,-78,19
-96,-86,-80,-84,-76,-77,19
-82,-82,-80,-99,-76,-83,19
-82,-85,-86,-96,-83,-71,19
-83,-82,-80,-87,-90,-71,19
-83,-95,-85,-85,-90,-71,19
-84,-92,-80,-84,-90,-83,19
-84,-97,-86,-84,-87,-85,19
-83,-93,-80,-96,-77,-89,19
-98,-95,-81,-96,-74,-89,19
-96,-92,-87,-95,-76,-72,19
-92,-89,-80,-85,-78,-71,19
-95,-91,-89,-88,-76,-71,19
-94,-89,-87,-86,-75,-76,19
-82,-87,-81,-90,-76,-76,19
-82,-93,-80,-96,-74,-85,19
-84,-82,-78,-80,-74,-70,20
-87,-78,-69,-87,-92,-96,20
-88,-73,-75,-85,-81,-72,20
-82,-77,-69,-81,-80,-78,20
-81,-73,-84,-80,-88,-77,20
-83,-71,-77,-82,-84,-77,20
-80,-77,-82,-89,-82,-76,20
-78,-74,-76,-85,-81,-74,20
-84,-86,-84,-80,-75,-78,20
-88,-75,-80,-82,-73,-102,20
-91,-84,-78,-84,-78,-70,20
-92,-77,-73,-89,-78,-80,20
-89,-80,-80,-82,-73,-93,20
-81,-77,-78,-88,-78,-82,20
-91,-78,-70,-84,-81,-70,20
-82,-89,-77,-83,-83,-71,20
-83,-81,-69,-90,-76,-78,20
-92,-86,-75,-82,-76,-76,20
-89,-83,-69,-84,-82,-70,20
-82,-78,-76,-84,-89,-84,20
-91,-81,-72,-82,-83,-78,20
-91,-77,-78,-81,-81,-83,20
-82,-80,-72,-83,-76,-75,20
-82,-76,-79,-83,-79,-76,20
-89,-80,-74,-88,-80,-71,20
-98,-77,-80,-87,-80,-84,20
-88,-98,-78,-84,-81,-82,20
-86,-88,-72,-87,-82,-89,20
-94,-88,-79,-82,-84,-71,20
-93,-80,-85,-83,-77,-69,20
-97,-83,-80,-82,-79,-69,20
-95,-83,-76,-91,-71,-68,20
-86,-85,-70,-88,-74,-74,20
-84,-93,-76,-84,-73,-76,20
-89,-80,-68,-84,-83,-98,20
-85,-74,-74,-84,-83,-68,20
-97,-80,-68,-83,-79,-100,20
-84,-75,-74,-83,-80,-100,20
-82,-78,-74,-83,-80,-69,20
-90,-75,-76,-84,-76,-72,20
-87,-82,-70,-89,-75,-72,20
-87,-76,-76,-88,-74,-80,20
-88,-97,-81,-89,-80,-78,20
-85,-89,-70,-87,-77,-77,20
-86,-95,-71,-82,-80,-68,20
-85,-92,-78,-86,-74,-100,20
-84,-90,-70,-88,-75,-69,20
-92,-95,-74,-84,-80,-99,20
-92,-83,-66,-84,-80,-68,20
-96,-78,-73,-82,-82,-100,20
-96,-77,-70,-80,-78,-81,20
-97,-77,-71,-80,-78,-70,20
-84,-88,-68,-81,-78,-69,20
-84,-74,-82,-82,-82,-100,20
-83,-77,-73,-84,-84,-69,20
-88,-81,-84,-86,-84,-100,20
-88,-78,-75,-88,-80,-69,20
-87,-80,-78,-78,-80,-100,20
-88,-77,-83,-86,-73,-74,20
-90,-83,-73,-87,-73,-71,20
-84,-75,-73,-91,-73,-75,20
-90,-79,-66,-83,-81,-81,20
-79,-79,-76,-82,-82,-83,20
-92,-85,-70,-83,-80,-83,20
-86,-92,-77,-83,-74,-71,20
-86,-89,-71,-86,-75,-71,20
-85,-88,-78,-93,-83,-74,20
-90,-98,-71,-84,-84,-76,20
-91,-91,-85,-84,-85,-91,20
-87,-89,-73,-85,-80,-89,20
-88,-79,-82,-78,-82,-67,20
-92,-74,-76,-80,-71,-100,20
-87,-80,-82,-94,-71,-100,20
-85,-76,-80,-90,-72,-68,20
-95,-79,-75,-77,-72,-98,20
-89,-76,-73,-76,-80,-66,20
-89,-79,-80,-76,-82,-72,20
-84,-89,-78,-95,-77,-71,20
-82,-89,-72,-93,-72,-67,20
-82,-87,-76,-79,-72,-96,20
-80,-92,-70,-78,-82,-67,20
-97,-86,-73,-78,-78,-69,20
-97,-91,-78,-88,-77,-71,20
-82,-91,-74,-88,-80,-71,20
-80,-82,-82,-88,-80,-73,20
-80,-87,-75,-78,-77,-83,20
-85,-79,-80,-89,-77,-73,20
-96,-86,-78,-82,-79,-77,20
-96,-83,-82,-88,-78,-69,20
-94,-77,-76,-84,-88,-70,20
-93,-86,-81,-83,-84,-76,20
-86,-78,-73,-90,-82,-76,20
-84,-78,-82,-93,-81,-73,20
-97,-73,-78,-84,-75,-77,20
-84,-76,-83,-84,-73,-77,20
-80,-73,-80,-85,-78,-76,20
-80,-78,-84,-78,-78,-77,20
-82,-74,-65,-80,-73,-76,20
-82,-78,-71,-91,-76,-81,20
-83,-75,-65,-78,-78,-72,20
-76,-82,-71,-81,-62,-95,21
-77,-87,-66,-80,-93,-64,21
-78,-82,-74,-85,-92,-96,21
-77,-88,-68,-80,-62,-65,21
-81,-85,-74,-77,-93,-96,21
-82,-88,-67,-80,-62,-96,21
-84,-83,-67,-91,-93,-64,21
-81,-90,-71,-80,-92,-95,21
-82,-94,-65,-80,-70,-70,21
-80,-90,-71,-81,-69,-74,21
-76,-93,-63,-80,-102,-75,21
-76,-88,-68,-82,-67,-71,21
-77,-90,-62,-83,-67,-73,21
-80,-92,-69,-78,-94,-67,21
-80,-91,-62,-78,-94,-98,21
-81,-98,-75,-79,-62,-67,21
-77,-93,-69,-80,-94,-96,21
-77,-92,-76,-79,-94,-97,21
-78,-88,-70,-73,-94,-66,21
-76,-90,-76,-91,-96,-96,21
-82,-78,-69,-83,-63,-72,21
-81,-81,-72,-80,-96,-70,21
-81,-76,-66,-80,-64,-70,21
-81,-82,-73,-76,-95,-100,21
-80,-77,-66,-73,-96,-67,21
-80,-82,-72,-76,-94,-98,21
-80,-82,-66,-74,-93,-96,21
-81,-79,-72,-81,-64,-67,21
-83,-85,-66,-80,-65,-100,21
-83,-82,-72,-79,-95,-67,21
-81,-86,-68,-80,-97,-96,21
-80,-86,-76,-81,-65,-70,21
-80,-82,-76,-85,-96,-71,21
-72,-78,-69,-84,-97,-71,21
-72,-81,-75,-84,-64,-100,21
-81,-78,-70,-100,-95,-70,21
-80,-81,-76,-77,-96,-71,21
-80,-78,-65,-75,-97,-71,21
-79,-82,-71,-74,-97,-72,21
-76,-78,-64,-79,-65,-100,21
-74,-80,-71,-78,-96,-70,21
-75,-76,-65,-72,-64,-70,21
-75,-80,-72,-76,-98,-68,21
-80,-77,-66,-74,-68,-67,21
-80,-80,-72,-78,-98,-99,21
-81,-82,-65,-78,-67,-67,21
-80,-80,-71,-78,-97,-98,21
-83,-85,-65,-76,-67,-94,21
-83,-82,-71,-76,-98,-76,21
-84,-79,-65,-84,-63,-74,21
-81,-83,-71,-81,-94,-68,21
-72,-80,-65,-76,-94,-97,21
-72,-79,-71,-84,-63,-68,21
-81,-94,-67,-83,-93,-100,21
-83,-80,-74,-83,-94,-68,21
-81,-78,-73,-88,-63,-99,21
-80,-82,-74,-92,-95,-69,21
-84,-80,-67,-82,-95,-99,21
-81,-81,-74,-78,-98,-69,21
-80,-85,-70,-83,-67,-72,21
-80,-81,-62,-83,-98,-70,21
-80,-84,-69,-77,-100,-72,21
-78,-77,-62,-80,-67,-77,21
-77,-80,-71,-82,-98,-63,21
-78,-80,-64,-82,-64,-76,21
-82,-82,-74,-74,-96,-100,21
-83,-76,-66,-85,-94,-67,21
-84,-80,-66,-85,-63,-96,21
-82,-77,-72,-83,-93,-102,21
-84,-87,-66,-83,-94,-70,21
-84,-86,-75,-85,-62,-70,21
-84,-89,-71,-85,-94,-96,21
-80,-85,-73,-80,-93,-65,21
-76,-89,-66,-79,-62,-94,21
-83,-86,-71,-74,-92,-97,21
-84,-87,-64,-74,-92,-65,21
-87,-85,-71,-74,-62,-98,21
-76,-84,-66,-80,-94,-98,21
-76,-78,-72,-79,-63,-65,21
-76,-82,-67,-78,-94,-68,21
-83,-78,-72,-80,-94,-98,21
-83,-81,-66,-79,-66,-97,21
-84,-77,-73,-79,-96,-70,21
-81,-80,-72,-78,-97,-68,21
-96,-77,-62,-80,-66,-98,21
-80,-83,-69,-78,-97,-68,21
-80,-79,-63,-81,-96,-98,21
-85,-78,-67,-84,-67,-69,21
-83,-82,-73,-79,-94,-72,21
-83,-78,-67,-81,-94,-96,21
-82,-82,-73,-80,-63,-67,21
-80,-77,-67,-85,-94,-98,21
-81,-82,-74,-80,-63,-66,21
-73,-80,-68,-77,-93,-80,21
-81,-85,-74,-80,-93,-100,21
-76,-91,-67,-92,-98,-66,21
-77,-92,-74,-80,-68,-100,21
-77,-82,-73,-80,-100,-100,21
-79,-90,-67,-81,-68,-64,21
-80,-82,-74,-79,-97,-95,21
-78,-82,-69,-82,-70,-70,22
-76,-81,-95,-74,-68,-100,22
-75,-81,-80,-77,-98,-69,22
-80,-76,-89,-76,-69,-103,22
-80,-82,-87,-76,-66,-68,22
-79,-78,-69,-73,-96,-98,22
-80,-82,-76,-70,-96,-67,22
-80,-79,-70,-72,-66,-98,22
-77,-80,-76,-72,-94,-68,22
-77,-79,-70,-98,-96,-67,22
-77,-77,-77,-77,-66,-87,22
-84,-74,-72,-86,-97,-75,22
-78,-78,-85,-84,-98,-93,22
-83,-74,-67,-86,-66,-98,22
-80,-76,-69,-86,-98,-96,22
-87,-72,-76,-86,-96,-97,22
-80,-76,-69,-78,-65,-69,22
-80,-73,-77,-79,-96,-71,22
-80,-75,-71,-79,-96,-73,22
-80,-74,-77,-89,-64,-73,22
-88,-80,-67,-88,-100,-73,22
-91,-76,-74,-87,-69,-70,22
-90,-72,-70,-86,-98,-69,22
-90,-80,-74,-76,-70,-69,22
-80,-77,-70,-80,-80,-72,22
-81,-86,-92,-72,-72,-70,22
-81,-91,-84,-80,-70,-69,22
-81,-84,-77,-76,-70,-100,22
-91,-78,-80,-84,-70,-69,22
-91,-82,-76,-102,-101,-100,22
-94,-78,-82,-98,-70,-69,22
-92,-81,-76,-70,-102,-70,22
-91,-78,-82,-70,-70,-97,22
-89,-87,-74,-73,-102,-97,22
-80,-77,-82,-73,-70,-97,22
-80,-86,-80,-72,-70,-100,22
-79,-84,-92,-76,-69,-70,22
-78,-92,-80,-78,-102,-69,22
-83,-98,-86,-74,-97,-71,22
-81,-94,-84,-76,-96,-72,22
-85,-90,-92,-76,-67,-100,22
-89,-93,-89,-81,-97,-79,22
-82,-77,-77,-81,-98,-77,22
-88,-81,-72,-81,-69,-95,22
-89,-76,-78,-80,-101,-64,22
-88,-80,-72,-80,-69,-64,22
-90,-76,-77,-76,-69,-94,22
-86,-78,-77,-77,-99,-95,22
-89,-75,-70,-81,-64,-64,22
-82,-78,-87,-93,-67,-96,22
-76,-85,-80,-76,-97,-71,22
-77,-88,-81,-76,-68,-71,22
-76,-85,-86,-74,-96,-72,22
-80,-90,-78,-78,-98,-72,22
-97,-90,-85,-79,-70,-96,22
-87,-84,-78,-78,-72,-70,22
-87,-91,-87,-78,-65,-70,22
-88,-87,-69,-72,-96,-70,22
-87,-81,-76,-70,-65,-69,22
-82,-76,-69,-70,-96,-98,22
-80,-80,-75,-77,-65,-100,22
-82,-78,-75,-77,-96,-68,22
-83,-80,-69,-76,-95,-98,22
-89,-78,-75,-77,-63,-103,22
-90,-74,-77,-73,-95,-68,22
-87,-78,-71,-72,-94,-100,22
-75,-74,-76,-73,-63,-67,22
-87,-78,-70,-76,-94,-96,22
-89,-78,-76,-77,-63,-100,22
-89,-75,-77,-77,-95,-97,22
-87,-85,-72,-74,-97,-96,22
-90,-81,-78,-74,-97,-71,22
-88,-88,-69,-80,-97,-80,22
-88,-77,-86,-80,-67,-69,22
-88,-84,-70,-79,-97,-97,22
-79,-76,-83,-74,-100,-98,22
-77,-82,-71,-73,-69,-67,22
-76,-78,-79,-75,-96,-98,22
-82,-87,-74,-72,-63,-68,22
-83,-81,-82,-72,-100,-68,22
-82,-87,-76,-80,-96,-98,22
-85,-78,-82,-76,-67,-70,22
-76,-74,-75,-75,-98,-70,22
-76,-75,-77,-73,-97,-98,22
-83,-76,-76,-72,-66,-69,22
-83,-78,-80,-73,-70,-72,22
-83,-75,-70,-78,-70,-102,22
-83,-77,-68,-78,-70,-71,22
-77,-74,-75,-79,-100,-71,22
-80,-77,-69,-80,-98,-68,22
-83,-77,-75,-78,-68,-69,22
-82,-81,-69,-86,-100,-98,22
-83,-76,-72,-86,-98,-69,22
-87,-80,-66,-86,-67,-69,22
-89,-77,-72,-78,-97,-100,22
-89,-80,-72,-79,-98,-68,22
-88,-82,-66,-79,-68,-100,22
-78,-85,-72,-89,-69,-70,22
-78,-83,-67,-88,-70,-69,22
-78,-83,-86,-78,-69,-70,22
-96,-88,-72,-86,-81,-94,23
-81,-82,-78,-85,-80,-63,23
-85,-87,-73,-82,-74,-95,23
-92,-82,-71,-82,-84,-94,23
-92,-85,-72,-83,-89,-71,23
-91,-86,-68,-93,-93,-100,23
-96,-96,-72,-78,-85,-96,23
-94,-75,-80,-92,-81,-70,23
-81,-80,-81,-88,-78,-98,23
-85,-76,-87,-88,-78,-97,23
-84,-80,-81,-90,-79,-97,23
-83,-80,-74,-88,-78,-67,23
-81,-85,-80,-88,-77,-96,23
-80,-78,-74,-91,-74,-96,23
-80,-82,-80,-83,-90,-63,23
-80,-79,-72,-86,-76,-62,23
-82,-80,-72,-83,-76,-94,23
-95,-84,-80,-82,-78,-93,23
-83,-87,-74,-82,-79,-63,23
-84,-84,-80,-83,-79,-90,23
-78,-90,-82,-84,-80,-61,23
-77,-94,-74,-96,-75,-93,23
-77,-96,-69,-87,-73,-60,23
-98,-94,-69,-90,-73,-92,23
-90,-80,-75,-84,-76,-91,23
-88,-82,-68,-88,-80,-60,23
-89,-80,-74,-98,-82,-91,23
-93,-82,-76,-94,-83,-91,23
-86,-78,-71,-89,-74,-61,23
-90,-83,-84,-87,-74,-92,23
-91,-80,-78,-88,-73,-91,23
-83,-83,-84,-90,-79,-62,23
-98,-78,-82,-89,-80,-93,23
-97,-82,-76,-92,-80,-93,23
-88,-78,-80,-92,-94,-60,23
-87,-83,-67,-96,-84,-94,23
-85,-79,-66,-76,-87,-62,23
-84,-84,-66,-77,-86,-94,23
-94,-88,-72,-78,-88,-93,23
-89,-88,-67,-93,-86,-61,23
-91,-90,-73,-87,-76,-96,23
-92,-100,-73,-86,-77,-96,23
-89,-90,-80,-86,-82,-66,23
-100,-81,-76,-76,-82,-94,23
-100,-86,-82,-76,-81,-62,23
-94,-77,-76,-76,-87,-92,23
-89,-83,-77,-76,-79,-94,23
-92,-78,-82,-76,-73,-62,23
-89,-84,-72,-84,-73,-95,23
-83,-80,-81,-85,-74,-96,23
-85,-82,-71,-83,-88,-64,23
-86,-80,-76,-83,-85,-95,23
-88,-83,-68,-83,-89,-64,23
-85,-83,-80,-84,-88,-96,23
-84,-83,-72,-83,-75,-95,23
-88,-88,-85,-81,-76,-65,23
-93,-98,-83,-82,-76,-96,23
-95,-85,-78,-82,-76,-94,23
-96,-85,-78,-82,-76,-64,23
-83,-81,-71,-76,-74,-94,23
-82,-84,-78,-76,-74,-62,23
-83,-84,-73,-83,-74,-92,23
-84,-85,-73,-84,-78,-92,23
-92,-88,-77,-81,-90,-62,23
-93,-83,-71,-76,-84,-92,23
-94,-88,-77,-76,-79,-93,23
-91,-85,-71,-76,-77,-66,23
-90,-89,-78,-87,-87,-96,23
-93,-84,-71,-88,-87,-98,23
-94,-90,-77,-87,-78,-96,23
-92,-85,-71,-82,-83,-96,23
-96,-91,-76,-83,-80,-65,23
-80,-90,-69,-77,-79,-96,23
-90,-84,-75,-77,-77,-62,23
-90,-86,-68,-76,-86,-96,23
-87,-82,-75,-89,-80,-94,23
-84,-82,-69,-87,-81,-62,23
-91,-82,-75,-85,-80,-93,23
-94,-86,-76,-83,-77,-62,23
-85,-82,-83,-83,-87,-94,23
-85,-85,-82,-79,-96,-62,23
-86,-85,-82,-84,-79,-93,23
-85,-87,-74,-84,-80,-64,23
-84,-82,-70,-85,-84,-93,23
-88,-87,-77,-88,-81,-93,23
-90,-86,-76,-92,-82,-66,23
-98,-84,-76,-91,-76,-96,23
-89,-81,-70,-86,-84,-96,23
-91,-84,-76,-85,-83,-66,23
-95,-81,-72,-82,-78,-96,23
-97,-83,-78,-82,-77,-66,23
-83,-87,-73,-83,-86,-96,23
-92,-85,-80,-93,-86,-96,23
-90,-90,-73,-78,-89,-95,23
-86,-86,-73,-92,-73,-96,23
-85,-88,-79,-88,-74,-65,23
-84,-82,-71,-88,-88,-100,23
-90,-81,-78,-90,-85,-65,23
-87,-85,-71,-90,-85,-97,23
-94,-83,-78,-91,-89,-65,23
-90,-76,-74,-86,-80,-96,24
-85,-80,-69,-84,-73,-68,24
-86,-75,-75,-84,-75,-63,24
-83,-73,-65,-91,-100,-95,24
-84,-75,-66,-94,-70,-63,24
-88,-71,-75,-85,-73,-96,24
-85,-80,-67,-86,-74,-95,24
-87,-77,-76,-85,-74,-66,24
-84,-80,-72,-78,-70,-96,24
-86,-78,-78,-78,-102,-66,24
-85,-94,-71,-75,-69,-98,24
-84,-92,-77,-76,-98,-96,24
-80,-97,-71,-78,-98,-65,24
-80,-96,-70,-78,-70,-96,24
-81,-98,-77,-76,-70,-74,24
-83,-91,-71,-76,-69,-96,24
-81,-89,-78,-77,-69,-64,24
-82,-83,-71,-79,-98,-96,24
-78,-84,-72,-78,-69,-65,24
-79,-78,-82,-78,-101,-96,24
-79,-74,-76,-80,-68,-65,24
-81,-73,-81,-79,-99,-97,24
-82,-80,-69,-79,-101,-75,24
-80,-83,-75,-78,-69,-73,24
-84,-80,-69,-78,-98,-66,24
-88,-83,-68,-78,-68,-96,24
-89,-80,-74,-77,-98,-66,24
-91,-83,-69,-78,-68,-97,24
-88,-80,-76,-78,-98,-96,24
-78,-74,-70,-76,-70,-66,24
-78,-77,-80,-76,-75,-96,24
-86,-73,-81,-78,-74,-67,24
-86,-77,-80,-81,-75,-97,24
-86,-78,-72,-80,-101,-67,24
-86,-74,-80,-74,-70,-96,24
-80,-77,-73,-78,-72,-67,24
-80,-80,-77,-78,-71,-98,24
-79,-84,-69,-80,-74,-85,24
-80,-80,-76,-81,-76,-87,24
-79,-79,-70,-78,-69,-67,24
-80,-82,-76,-80,-70,-97,24
-86,-92,-69,-79,-102,-97,24
-85,-90,-76,-82,-69,-67,24
-84,-91,-81,-83,-70,-96,24
-86,-86,-74,-78,-102,-98,24
-87,-88,-81,-82,-70,-67,24
-79,-82,-74,-80,-74,-100,24
-80,-86,-80,-78,-76,-98,24
-78,-90,-74,-80,-71,-78,24
-85,-73,-81,-81,-72,-78,24
-88,-76,-76,-74,-70,-73,24
-82,-73,-83,-74,-75,-73,24
-84,-76,-77,-79,-74,-96,24
-83,-72,-86,-77,-72,-66,24
-86,-76,-82,-77,-103,-97,24
-89,-72,-74,-80,-68,-95,24
-87,-90,-80,-81,-98,-66,24
-91,-82,-81,-81,-71,-65,24
-87,-84,-74,-77,-71,-98,24
-88,-80,-80,-77,-71,-98,24
-87,-84,-74,-77,-69,-95,24
-88,-80,-80,-87,-69,-96,24
-85,-84,-78,-86,-98,-65,24
-84,-80,-85,-82,-69,-97,24
-83,-76,-86,-82,-70,-96,24
-80,-72,-77,-82,-69,-68,24
-85,-76,-82,-82,-72,-97,24
-85,-72,-81,-78,-74,-95,24
-84,-76,-76,-82,-74,-65,24
-84,-73,-69,-83,-73,-97,24
-83,-77,-76,-81,-73,-65,24
-82,-74,-69,-96,-68,-96,24
-80,-80,-75,-91,-74,-97,24
-84,-76,-69,-92,-79,-65,24
-83,-80,-75,-87,-79,-96,24
-82,-76,-74,-83,-82,-68,24
-83,-79,-80,-82,-68,-67,24
-83,-78,-72,-83,-98,-99,24
-77,-76,-77,-96,-67,-68,24
-77,-82,-71,-93,-101,-97,24
-80,-96,-81,-82,-71,-78,24
-82,-91,-74,-81,-72,-82,24
-80,-86,-80,-78,-71,-78,24
-80,-89,-75,-79,-76,-73,24
-78,-91,-69,-78,-74,-74,24
-78,-82,-74,-81,-73,-74,24
-85,-80,-69,-80,-74,-80,24
-83,-82,-75,-74,-77,-80,24
-84,-78,-69,-78,-76,-81,24
-85,-82,-78,-78,-74,-73,24
-82,-77,-73,-80,-73,-66,24
-80,-80,-80,-81,-72,-96,24
-77,-81,-73,-78,-73,-66,24
-84,-89,-82,-80,-70,-96,24
-83,-91,-84,-79,-76,-96,24
-86,-93,-80,-82,-74,-67,24
-85,-86,-77,-90,-78,-97,24
-82,-83,-71,-94,-74,-96,24
-81,-84,-78,-81,-75,-83,24
-82,-83,-71,-79,-75,-71,24
-92,-74,-75,-87,-77,-94,25
-91,-78,-74,-87,-80,-94,25
-97,-74,-82,-91,-82,-64,25
-90,-78,-77,-93,-93,-94,25
-88,-74,-82,-85,-82,-94,25
-93,-78,-75,-81,-76,-63,25
-97,-74,-73,-89,-75,-94,25
-96,-77,-73,-85,-79,-63,25
-92,-86,-74,-78,-77,-68,25
-90,-86,-68,-96,-76,-97,25
-93,-81,-68,-88,-75,-96,25
-91,-88,-75,-87,-82,-70,25
-88,-85,-68,-90,-78,-70,25
-94,-91,-75,-98,-85,-80,25
-91,-91,-68,-87,-77,-81,25
-92,-92,-75,-87,-76,-79,25
-90,-77,-68,-89,-78,-72,25
-90,-81,-75,-84,-78,-71,25
-89,-77,-68,-87,-79,-86,25
-78,-82,-65,-90,-77,-83,25
-86,-79,-71,-90,-79,-70,25
-87,-80,-65,-79,-67,-70,25
-88,-78,-66,-87,-78,-69,25
-85,-78,-72,-90,-75,-97,25
-85,-74,-66,-94,-70,-98,25
-85,-78,-67,-84,-100,-70,25
-83,-75,-73,-84,-75,-68,25
-83,-78,-72,-78,-73,-97,25
-86,-74,-66,-80,-73,-87,25
-89,-85,-72,-84,-82,-68,25
-77,-87,-65,-84,-84,-67,25
-78,-87,-73,-82,-83,-100,25
-78,-86,-67,-78,-73,-97,25
-77,-82,-74,-77,-73,-73,25
-82,-75,-67,-77,-75,-73,25
-83,-77,-67,-83,-84,-66,25
-83,-76,-72,-82,-82,-97,25
-83,-80,-67,-82,-83,-96,25
-77,-77,-73,-82,-73,-66,25
-77,-81,-68,-83,-72,-68,25
-76,-78,-69,-82,-74,-69,25
-76,-98,-74,-77,-76,-98,25
-82,-93,-68,-80,-72,-68,25
-82,-86,-74,-81,-72,-70,25
-83,-84,-68,-81,-71,-68,25
-83,-88,-74,-79,-70,-78,25
-97,-76,-68,-84,-70,-79,25
-95,-79,-78,-83,-73,-98,25
-76,-80,-74,-83,-84,-98,25
-76,-84,-72,-93,-84,-67,25
-80,-84,-66,-90,-85,-98,25
-80,-88,-70,-81,-73,-96,25
-83,-74,-73,-85,-74,-66,25
-85,-80,-67,-83,-86,-96,25
-84,-84,-80,-91,-85,-66,25
-86,-89,-71,-90,-84,-97,25
-90,-80,-82,-83,-75,-78,25
-91,-82,-81,-85,-77,-78,25
-90,-82,-89,-85,-102,-82,25
-95,-86,-90,-88,-70,-72,25
-86,-84,-82,-87,-99,-71,25
-90,-89,-74,-83,-73,-96,25
-86,-89,-67,-92,-72,-65,25
-87,-89,-73,-75,-71,-96,25
-80,-84,-66,-74,-69,-64,25
-80,-86,-73,-76,-100,-91,25
-80,-79,-73,-93,-68,-60,25
-80,-84,-70,-92,-73,-91,25
-86,-84,-74,-80,-82,-76,25
-88,-87,-71,-85,-72,-73,25
-86,-94,-65,-92,-71,-75,25
-80,-88,-71,-78,-72,-67,25
-81,-83,-65,-81,-100,-96,25
-82,-84,-72,-92,-71,-97,25
-84,-85,-66,-94,-82,-97,25
-91,-80,-72,-95,-77,-66,25
-87,-85,-76,-85,-71,-97,25
-90,-87,-82,-80,-96,-70,25
-82,-82,-76,-80,-65,-71,25
-88,-86,-82,-80,-97,-69,25
-78,-84,-76,-92,-96,-102,25
-78,-86,-82,-90,-66,-100,25
-78,-83,-75,-88,-100,-61,25
-80,-86,-65,-89,-96,-94,25
-86,-83,-72,-81,-66,-92,25
-84,-91,-65,-84,-69,-93,25
-87,-93,-72,-83,-101,-94,25
-88,-84,-66,-83,-102,-95,25
-80,-82,-66,-78,-72,-94,25
-81,-84,-72,-78,-74,-71,25
-84,-82,-76,-77,-77,-71,25
-85,-87,-82,-93,-77,-98,25
-74,-83,-76,-85,-70,-70,25
-77,-86,-76,-81,-70,-98,25
-80,-83,-76,-89,-82,-70,25
-79,-86,-82,-85,-74,-92,25
-80,-82,-72,-78,-81,-63,25
-80,-87,-79,-86,-71,-94,25
-77,-84,-72,-80,-71,-95,25
-78,-85,-80,-77,-70,-64,25
-93,-87,-82,-90,-82,-69,26
-89,-82,-80,-90,-78,-66,26
-92,-86,-88,-83,-75,-96,26
-89,-81,-83,-98,-76,-76,26
-89,-84,-83,-95,-79,-73,26
-90,-81,-76,-92,-78,-68,26
-87,-84,-78,-82,-88,-95,26
-96,-84,-78,-87,-83,-66,26
-96,-86,-74,-90,-83,-96,26
-97,-79,-76,-89,-77,-62,26
-91,-80,-83,-90,-77,-92,26
-95,-81,-76,-96,-80,-93,26
-91,-83,-86,-100,-76,-71,26
-92,-78,-70,-88,-76,-74,26
-93,-91,-76,-91,-86,-72,26
-92,-84,-81,-89,-83,-73,26
-88,-81,-73,-85,-82,-66,26
-90,-83,-79,-84,-76,-98,26
-90,-79,-71,-98,-76,-98,26
-89,-81,-78,-96,-76,-67,26
-90,-85,-73,-92,-81,-67,26
-91,-88,-80,-85,-78,-96,26
-89,-84,-72,-82,-76,-96,26
-87,-85,-80,-85,-76,-64,26
-88,-82,-77,-86,-77,-64,26
-92,-82,-83,-90,-78,-95,26
-96,-84,-78,-87,-78,-96,26
-92,-91,-76,-91,-75,-64,26
-97,-91,-71,-82,-75,-73,26
-93,-94,-79,-82,-77,-74,26
-96,-100,-73,-85,-82,-95,26
-92,-98,-79,-84,-81,-64,26
-94,-91,-71,-85,-88,-95,26
-96,-93,-75,-84,-82,-95,26
-94,-87,-68,-84,-77,-64,26
-94,-93,-83,-85,-79,-95,26
-95,-88,-77,-84,-82,-95,26
-86,-90,-83,-84,-83,-64,26
-88,-86,-77,-85,-87,-96,26
-87,-91,-83,-85,-91,-68,26
-87,-82,-77,-85,-86,-99,26
-88,-86,-84,-94,-92,-66,26
-91,-83,-83,-87,-73,-96,26
-90,-86,-76,-93,-77,-96,26
-88,-82,-83,-91,-76,-65,26
-95,-86,-76,-84,-83,-65,26
-92,-82,-83,-86,-84,-97,26
-95,-92,-76,-82,-78,-71,26
-98,-97,-90,-92,-78,-70,26
-95,-92,-82,-94,-78,-67,26
-88,-93,-89,-92,-76,-98,26
-90,-89,-82,-89,-76,-63,26
-93,-95,-87,-85,-76,-94,26
-92,-93,-80,-88,-82,-62,26
-88,-88,-86,-86,-80,-93,26
-90,-89,-73,-91,-77,-93,26
-87,-85,-80,-98,-78,-62,26
-84,-88,-72,-86,-75,-93,26
-86,-83,-79,-92,-78,-92,26
-84,-87,-72,-87,-85,-63,26
-92,-75,-77,-90,-81,-94,26
-92,-79,-73,-88,-84,-93,26
-89,-81,-78,-92,-80,-63,26
-97,-85,-72,-87,-78,-95,26
-98,-80,-78,-87,-80,-93,26
-91,-84,-77,-89,-88,-63,26
-86,-81,-71,-102,-78,-94,26
-86,-85,-77,-100,-79,-94,26
-85,-82,-77,-87,-87,-71,26
-87,-86,-95,-93,-88,-73,26
-89,-83,-94,-91,-76,-74,26
-86,-86,-95,-92,-75,-66,26
-90,-83,-90,-88,-79,-98,26
-93,-87,-89,-88,-78,-96,26
-84,-90,-72,-84,-78,-64,26
-85,-94,-79,-87,-80,-96,26
-98,-92,-72,-86,-76,-94,26
-88,-89,-79,-86,-85,-64,26
-91,-92,-72,-82,-86,-95,26
-84,-94,-72,-83,-78,-62,26
-82,-89,-79,-86,-79,-98,26
-84,-88,-75,-83,-80,-100,26
-92,-84,-81,-87,-80,-69,26
-92,-89,-76,-90,-98,-70,26
-93,-84,-81,-94,-97,-95,26
-87,-87,-75,-92,-82,-65,26
-87,-85,-81,-89,-82,-64,26
-86,-90,-75,-92,-83,-96,26
-89,-88,-78,-94,-77,-63,26
-81,-96,-71,-85,-89,-92,26
-81,-92,-78,-94,-84,-94,26
-80,-100,-71,-87,-85,-63,26
-80,-92,-78,-93,-82,-93,26
-96,-91,-71,-91,-78,-63,26
-92,-80,-77,-84,-75,-94,26
-91,-84,-73,-86,-76,-63,26
-87,-90,-71,-82,-79,-93,26
-97,-87,-77,-92,-78,-68,26
-85,-93,-72,-90,-88,-98,26
-86,-88,-81,-82,-85,-68,26
-85,-83,-65,-102,-80,-95,27
-82,-86,-71,-100,-85,-63,27
-84,-83,-76,-97,-91,-98,27
-85,-87,-70,-82,-93,-95,27
-85,-88,-75,-88,-92,-63,27
-87,-83,-69,-88,-78,-64,27
-97,-87,-75,-83,-79,-94,27
-95,-81,-70,-83,-80,-60,27
-94,-83,-75,-89,-80,-90,27
-84,-82,-66,-90,-81,-90,27
-85,-87,-70,-87,-80,-91,27
-86,-86,-63,-80,-78,-91,27
-85,-88,-69,-78,-78,-61,27
-90,-85,-62,-89,-79,-74,27
-89,-90,-69,-90,-80,-74,27
-91,-82,-62,-83,-80,-73,27
-84,-84,-76,-83,-80,-93,27
-83,-81,-69,-80,-84,-94,27
-89,-85,-70,-80,-83,-96,27
-89,-82,-76,-79,-85,-64,27
-89,-84,-69,-82,-80,-64,27
-92,-81,-76,-82,-79,-96,27
-94,-76,-70,-82,-72,-72,27
-92,-80,-73,-85,-81,-70,27
-84,-78,-67,-85,-81,-93,27
-83,-82,-73,-85,-81,-94,27
-83,-78,-66,-82,-75,-64,27
-92,-82,-73,-82,-75,-63,27
-92,-78,-67,-86,-75,-63,27
-95,-81,-70,-87,-81,-95,27
-91,-84,-77,-91,-81,-94,27
-83,-83,-70,-82,-82,-93,27
-84,-82,-76,-83,-80,-63,27
-84,-82,-70,-78,-82,-93,27
-92,-85,-76,-79,-80,-71,27
-90,-82,-70,-78,-84,-70,27
-91,-82,-77,-84,-84,-71,27
-90,-81,-73,-85,-80,-98,27
-92,-78,-67,-83,-90,-61,27
-91,-82,-73,-82,-84,-92,27
-88,-82,-66,-85,-76,-62,27
-88,-78,-73,-84,-74,-91,27
-91,-94,-67,-85,-83,-92,27
-89,-91,-73,-82,-82,-61,27
-92,-93,-62,-82,-84,-92,27
-92,-89,-68,-82,-74,-91,27
-84,-93,-62,-83,-75,-67,27
-84,-92,-68,-82,-75,-98,27
-84,-90,-62,-83,-76,-67,27
-85,-85,-68,-83,-82,-97,27
-90,-85,-68,-82,-84,-98,27
-90,-82,-70,-84,-80,-63,27
-85,-84,-77,-86,-80,-94,27
-85,-81,-71,-86,-77,-64,27
-85,-89,-77,-82,-77,-95,27
-85,-90,-70,-84,-80,-63,27
-92,-86,-76,-82,-84,-62,27
-90,-90,-70,-82,-79,-93,27
-91,-90,-78,-92,-79,-62,27
-89,-85,-68,-80,-80,-93,27
-92,-89,-62,-82,-85,-92,27
-91,-81,-69,-80,-84,-94,27
-92,-85,-62,-80,-83,-62,27
-86,-82,-68,-80,-84,-95,27
-85,-86,-62,-96,-80,-96,27
-85,-82,-69,-94,-87,-65,27
-92,-85,-62,-88,-85,-97,27
-90,-82,-74,-87,-78,-66,27
-89,-85,-68,-96,-74,-98,27
-89,-82,-75,-91,-76,-66,27
-85,-85,-68,-82,-81,-96,27
-85,-82,-67,-82,-82,-62,27
-85,-86,-74,-83,-86,-94,27
-92,-82,-68,-85,-90,-95,27
-92,-85,-72,-87,-72,-61,27
-90,-86,-66,-84,-72,-92,27
-91,-86,-72,-85,-73,-92,27
-91,-90,-72,-86,-82,-92,27
-92,-84,-66,-84,-86,-70,27
-93,-88,-72,-87,-83,-71,27
-85,-82,-67,-93,-90,-67,27
-82,-81,-68,-92,-72,-94,27
-82,-82,-62,-100,-72,-64,27
-99,-82,-68,-97,-72,-64,27
-92,-86,-62,-82,-92,-95,27
-94,-79,-68,-88,-91,-95,27
-81,-92,-62,-88,-87,-64,27
-83,-88,-69,-83,-71,-67,27
-82,-80,-62,-92,-75,-67,27
-83,-84,-66,-89,-75,-98,27
-84,-80,-80,-92,-95,-68,27
-85,-82,-69,-94,-93,-100,27
-84,-80,-77,-89,-93,-64,27
-86,-84,-69,-88,-92,-96,27
-85,-82,-77,-84,-78,-63,27
-85,-82,-68,-89,-79,-96,27
-86,-84,-74,-93,-80,-94,27
-86,-80,-71,-87,-80,-94,27
-85,-84,-75,-86,-81,-62,27
-85,-80,-67,-92,-93,-93,27
-98,-88,-82,-83,-82,-100,28
-91,-82,-70,-78,-77,-97,28
-90,-88,-76,-77,-79,-96,28
-89,-77,-70,-77,-78,-64,28
-85,-80,-79,-81,-82,-95,28
-93,-77,-71,-82,-80,-95,28
-93,-81,-76,-82,-80,-65,28
-93,-80,-72,-72,-81,-86,28
-92,-84,-78,-72,-79,-85,28
-88,-76,-78,-72,-84,-86,28
-86,-80,-80,-78,-84,-97,28
-85,-77,-81,-79,-86,-96,28
-84,-93,-85,-78,-84,-66,28
-84,-88,-79,-72,-84,-66,28
-85,-89,-85,-73,-79,-66,28
-89,-93,-69,-73,-79,-97,28
-88,-83,-76,-78,-78,-97,28
-89,-88,-69,-78,-82,-65,28
-89,-78,-69,-83,-82,-94,28
-85,-75,-77,-83,-83,-65,28
-84,-78,-70,-73,-78,-96,28
-83,-75,-71,-73,-78,-65,28
-85,-78,-77,-73,-81,-97,28
-92,-74,-71,-81,-80,-66,28
-94,-78,-77,-82,-80,-96,28
-96,-75,-71,-81,-80,-66,28
-88,-77,-77,-73,-82,-98,28
-89,-81,-71,-72,-81,-66,28
-89,-77,-76,-73,-89,-98,28
-89,-80,-76,-76,-80,-65,28
-96,-77,-69,-78,-80,-97,28
-94,-80,-76,-78,-80,-96,28
-98,-77,-69,-83,-80,-96,28
-87,-78,-76,-82,-78,-83,28
-88,-74,-69,-78,-82,-83,28
-91,-78,-76,-78,-83,-66,28
-89,-75,-69,-83,-84,-97,28
-86,-79,-71,-81,-81,-66,28
-86,-75,-77,-84,-78,-97,28
-96,-75,-71,-77,-80,-97,28
-92,-78,-77,-75,-81,-66,28
-93,-77,-71,-73,-81,-98,28
-95,-80,-77,-80,-80,-97,28
-87,-80,-71,-78,-80,-85,28
-88,-76,-85,-77,-82,-85,28
-88,-80,-84,-73,-80,-66,28
-93,-76,-79,-72,-81,-96,28
-91,-80,-85,-73,-83,-66,28
-90,-92,-79,-77,-81,-98,28
-89,-91,-85,-77,-81,-96,28
-87,-89,-78,-77,-85,-66,28
-86,-93,-76,-81,-79,-98,28
-86,-89,-70,-82,-83,-65,28
-88,-93,-76,-82,-81,-96,28
-89,-75,-69,-74,-81,-96,28
-88,-78,-76,-73,-82,-99,28
-86,-75,-70,-72,-83,-64,28
-88,-78,-70,-83,-79,-96,28
-86,-75,-80,-73,-78,-97,28
-95,-78,-80,-74,-79,-65,28
-93,-75,-87,-76,-83,-82,28
-90,-79,-80,-77,-80,-82,28
-90,-90,-86,-77,-80,-87,28
-91,-93,-80,-82,-82,-94,28
-93,-90,-86,-82,-82,-96,28
-94,-93,-69,-83,-80,-65,28
-94,-91,-76,-82,-79,-65,28
-89,-91,-69,-79,-80,-80,28
-88,-94,-76,-76,-85,-79,28
-87,-90,-69,-80,-96,-97,28
-94,-78,-70,-82,-91,-66,28
-93,-78,-76,-84,-86,-98,28
-96,-74,-72,-75,-87,-97,28
-97,-78,-78,-76,-87,-67,28
-87,-75,-77,-76,-96,-97,28
-88,-79,-70,-77,-92,-99,28
-86,-75,-77,-76,-91,-66,28
-88,-79,-70,-77,-84,-98,28
-90,-76,-77,-76,-84,-95,28
-91,-80,-81,-76,-85,-65,28
-90,-76,-87,-76,-84,-96,28
-88,-80,-80,-76,-82,-96,28
-88,-80,-86,-77,-90,-96,28
-87,-76,-87,-83,-96,-65,28
-87,-94,-71,-82,-96,-96,28
-88,-89,-71,-76,-93,-97,28
-100,-92,-70,-76,-82,-66,28
-100,-90,-76,-75,-78,-97,28
-94,-93,-70,-82,-82,-96,28
-87,-92,-76,-82,-80,-66,28
-90,-80,-70,-81,-80,-96,28
-90,-76,-86,-76,-81,-97,28
-90,-80,-80,-76,-79,-64,28
-96,-76,-86,-76,-84,-96,28
-96,-80,-80,-77,-84,-64,28
-93,-80,-75,-77,-86,-96,28
-90,-76,-80,-81,-90,-94,28
-91,-80,-76,-73,-91,-66,28
-88,-89,-71,-72,-86,-96,28
-95,-97,-76,-77,-82,-84,28
